time step (dt), time (t) ,Total Energy, potential energy(E_pot) , kinetic energy (E_kin)
10,0,-3328.15,-3328.15,3.26225e-05
10,10,-3330.04,-3330.04,0.000124091
10,20,-3332.8,-3332.8,0.000257639
10,30,-3335.97,-3335.97,0.000411917
10,40,-3339.15,-3339.15,0.000566955
10,50,-3342.04,-3342.04,0.000707991
10,60,-3344.47,-3344.47,0.000826693
10,70,-3346.38,-3346.38,0.000920532
10,80,-3347.82,-3347.82,0.00099128
10,90,-3348.87,-3348.87,0.00104332
1,0,-3327.48,-3327.48,3.34688e-07
1,1,-3327.5,-3327.5,1.33806e-06
1,2,-3327.54,-3327.54,3.00803e-06
1,3,-3327.59,-3327.59,5.34115e-06
1,4,-3327.65,-3327.65,8.33258e-06
1,5,-3327.72,-3327.72,1.19762e-05
1,6,-3327.81,-3327.81,1.62644e-05
1,7,-3327.91,-3327.91,2.11886e-05
1,8,-3328.02,-3328.02,2.67387e-05
1,9,-3328.15,-3328.15,3.29035e-05
1,10,-3328.29,-3328.29,3.96706e-05
1,11,-3328.44,-3328.44,4.70264e-05
1,12,-3328.6,-3328.6,5.49566e-05
1,13,-3328.77,-3328.77,6.34455e-05
1,14,-3328.96,-3328.96,7.24766e-05
1,15,-3329.15,-3329.15,8.20326e-05
1,16,-3329.36,-3329.36,9.20954e-05
1,17,-3329.57,-3329.57,0.000102646
1,18,-3329.8,-3329.8,0.000113665
1,19,-3330.03,-3330.03,0.000125132
1,20,-3330.28,-3330.28,0.000137026
1,21,-3330.53,-3330.53,0.000149327
1,22,-3330.79,-3330.79,0.000162012
1,23,-3331.05,-3331.05,0.00017506
1,24,-3331.32,-3331.33,0.000188448
1,25,-3331.6,-3331.6,0.000202155
1,26,-3331.89,-3331.89,0.000216158
1,27,-3332.18,-3332.18,0.000230435
1,28,-3332.48,-3332.48,0.000244962
1,29,-3332.78,-3332.78,0.000259718
1,30,-3333.09,-3333.09,0.000274681
1,31,-3333.39,-3333.39,0.000289827
1,32,-3333.71,-3333.71,0.000305137
1,33,-3334.02,-3334.02,0.000320587
1,34,-3334.34,-3334.34,0.000336157
1,35,-3334.66,-3334.66,0.000351826
1,36,-3334.98,-3334.98,0.000367573
1,37,-3335.3,-3335.3,0.000383379
1,38,-3335.63,-3335.63,0.000399224
1,39,-3335.95,-3335.95,0.000415089
1,40,-3336.28,-3336.28,0.000430956
1,41,-3336.6,-3336.6,0.000446807
1,42,-3336.92,-3336.92,0.000462624
1,43,-3337.24,-3337.24,0.000478392
1,44,-3337.56,-3337.57,0.000494094
1,45,-3337.88,-3337.88,0.000509715
1,46,-3338.2,-3338.2,0.00052524
1,47,-3338.52,-3338.52,0.000540655
1,48,-3338.83,-3338.83,0.000555947
1,49,-3339.14,-3339.14,0.000571103
1,50,-3339.44,-3339.44,0.000586112
1,51,-3339.75,-3339.75,0.000600961
1,52,-3340.05,-3340.05,0.000615641
1,53,-3340.34,-3340.34,0.000630142
1,54,-3340.63,-3340.63,0.000644453
1,55,-3340.92,-3340.92,0.000658567
1,56,-3341.21,-3341.21,0.000672476
1,57,-3341.49,-3341.49,0.000686172
1,58,-3341.76,-3341.76,0.000699648
1,59,-3342.03,-3342.03,0.0007129
1,60,-3342.3,-3342.3,0.00072592
1,61,-3342.56,-3342.56,0.000738705
1,62,-3342.81,-3342.81,0.00075125
1,63,-3343.07,-3343.07,0.000763551
1,64,-3343.31,-3343.31,0.000775605
1,65,-3343.55,-3343.55,0.00078741
1,66,-3343.79,-3343.79,0.000798964
1,67,-3344.02,-3344.02,0.000810264
1,68,-3344.24,-3344.25,0.000821311
1,69,-3344.46,-3344.47,0.000832103
1,70,-3344.68,-3344.68,0.00084264
1,71,-3344.89,-3344.89,0.000852922
1,72,-3345.09,-3345.1,0.00086295
1,73,-3345.29,-3345.29,0.000872726
1,74,-3345.49,-3345.49,0.00088225
1,75,-3345.68,-3345.68,0.000891525
1,76,-3345.86,-3345.86,0.000900552
1,77,-3346.04,-3346.04,0.000909335
1,78,-3346.22,-3346.22,0.000917875
1,79,-3346.38,-3346.39,0.000926177
1,80,-3346.55,-3346.55,0.000934243
1,81,-3346.71,-3346.71,0.000942077
1,82,-3346.86,-3346.87,0.000949683
1,83,-3347.02,-3347.02,0.000957065
1,84,-3347.16,-3347.16,0.000964228
1,85,-3347.3,-3347.3,0.000971175
1,86,-3347.44,-3347.44,0.000977913
1,87,-3347.57,-3347.58,0.000984445
1,88,-3347.7,-3347.7,0.000990777
1,89,-3347.83,-3347.83,0.000996913
1,90,-3347.95,-3347.95,0.00100286
1,91,-3348.07,-3348.07,0.00100862
1,92,-3348.18,-3348.18,0.0010142
1,93,-3348.29,-3348.29,0.00101961
1,94,-3348.4,-3348.4,0.00102485
1,95,-3348.5,-3348.5,0.00102993
1,96,-3348.6,-3348.6,0.00103486
1,97,-3348.7,-3348.7,0.00103963
1,98,-3348.8,-3348.8,0.00104425
1,99,-3348.89,-3348.89,0.00104874
0.5,0,-3327.48,-3327.48,8.36884e-08
0.5,0.5,-3327.48,-3327.48,3.3471e-07
0.5,1,-3327.49,-3327.49,7.52935e-07
0.5,1.5,-3327.5,-3327.5,1.33815e-06
0.5,2,-3327.52,-3327.52,2.09004e-06
0.5,2.5,-3327.54,-3327.54,3.00823e-06
0.5,3,-3327.56,-3327.56,4.09223e-06
0.5,3.5,-3327.59,-3327.59,5.34149e-06
0.5,4,-3327.62,-3327.62,6.75536e-06
0.5,4.5,-3327.65,-3327.65,8.33312e-06
0.5,5,-3327.68,-3327.68,1.00739e-05
0.5,5.5,-3327.72,-3327.72,1.19769e-05
0.5,6,-3327.76,-3327.76,1.40412e-05
0.5,6.5,-3327.81,-3327.81,1.62655e-05
0.5,7,-3327.86,-3327.86,1.86488e-05
0.5,7.5,-3327.91,-3327.91,2.119e-05
0.5,8,-3327.97,-3327.97,2.38876e-05
0.5,8.5,-3328.02,-3328.02,2.67404e-05
0.5,9,-3328.08,-3328.08,2.97469e-05
0.5,9.5,-3328.15,-3328.15,3.29056e-05
0.5,10,-3328.22,-3328.22,3.62149e-05
0.5,10.5,-3328.29,-3328.29,3.96731e-05
0.5,11,-3328.36,-3328.36,4.32786e-05
0.5,11.5,-3328.44,-3328.44,4.70295e-05
0.5,12,-3328.52,-3328.52,5.09239e-05
0.5,12.5,-3328.6,-3328.6,5.49601e-05
0.5,13,-3328.68,-3328.68,5.9136e-05
0.5,13.5,-3328.77,-3328.77,6.34495e-05
0.5,14,-3328.86,-3328.86,6.78987e-05
0.5,14.5,-3328.96,-3328.96,7.24812e-05
0.5,15,-3329.05,-3329.05,7.7195e-05
0.5,15.5,-3329.15,-3329.15,8.20378e-05
0.5,16,-3329.25,-3329.25,8.70073e-05
0.5,16.5,-3329.36,-3329.36,9.21012e-05
0.5,17,-3329.46,-3329.46,9.73171e-05
0.5,17.5,-3329.57,-3329.57,0.000102652
0.5,18,-3329.68,-3329.68,0.000108105
0.5,18.5,-3329.8,-3329.8,0.000113672
0.5,19,-3329.91,-3329.91,0.000119351
0.5,19.5,-3330.03,-3330.03,0.00012514
0.5,20,-3330.15,-3330.15,0.000131035
0.5,20.5,-3330.28,-3330.28,0.000137035
0.5,21,-3330.4,-3330.4,0.000143136
0.5,21.5,-3330.53,-3330.53,0.000149336
0.5,22,-3330.65,-3330.65,0.000155632
0.5,22.5,-3330.79,-3330.79,0.000162022
0.5,23,-3330.92,-3330.92,0.000168502
0.5,23.5,-3331.05,-3331.05,0.00017507
0.5,24,-3331.19,-3331.19,0.000181724
0.5,24.5,-3331.32,-3331.33,0.00018846
0.5,25,-3331.46,-3331.46,0.000195275
0.5,25.5,-3331.6,-3331.6,0.000202168
0.5,26,-3331.75,-3331.75,0.000209134
0.5,26.5,-3331.89,-3331.89,0.000216171
0.5,27,-3332.04,-3332.04,0.000223277
0.5,27.5,-3332.18,-3332.18,0.000230449
0.5,28,-3332.33,-3332.33,0.000237683
0.5,28.5,-3332.48,-3332.48,0.000244977
0.5,29,-3332.63,-3332.63,0.000252328
0.5,29.5,-3332.78,-3332.78,0.000259734
0.5,30,-3332.93,-3332.93,0.000267191
0.5,30.5,-3333.09,-3333.09,0.000274697
0.5,31,-3333.24,-3333.24,0.000282249
0.5,31.5,-3333.39,-3333.39,0.000289845
0.5,32,-3333.55,-3333.55,0.000297481
0.5,32.5,-3333.71,-3333.71,0.000305155
0.5,33,-3333.86,-3333.86,0.000312864
0.5,33.5,-3334.02,-3334.02,0.000320606
0.5,34,-3334.18,-3334.18,0.000328377
0.5,34.5,-3334.34,-3334.34,0.000336177
0.5,35,-3334.5,-3334.5,0.000344
0.5,35.5,-3334.66,-3334.66,0.000351846
0.5,36,-3334.82,-3334.82,0.000359712
0.5,36.5,-3334.98,-3334.98,0.000367594
0.5,37,-3335.14,-3335.14,0.000375492
0.5,37.5,-3335.3,-3335.3,0.000383401
0.5,38,-3335.47,-3335.47,0.00039132
0.5,38.5,-3335.63,-3335.63,0.000399247
0.5,39,-3335.79,-3335.79,0.000407179
0.5,39.5,-3335.95,-3335.95,0.000415113
0.5,40,-3336.11,-3336.11,0.000423048
0.5,40.5,-3336.28,-3336.28,0.000430981
0.5,41,-3336.44,-3336.44,0.00043891
0.5,41.5,-3336.6,-3336.6,0.000446832
0.5,42,-3336.76,-3336.76,0.000454747
0.5,42.5,-3336.92,-3336.92,0.000462651
0.5,43,-3337.08,-3337.08,0.000470542
0.5,43.5,-3337.24,-3337.24,0.000478419
0.5,44,-3337.4,-3337.4,0.00048628
0.5,44.5,-3337.56,-3337.56,0.000494122
0.5,45,-3337.72,-3337.72,0.000501944
0.5,45.5,-3337.88,-3337.88,0.000509744
0.5,46,-3338.04,-3338.04,0.000517519
0.5,46.5,-3338.2,-3338.2,0.000525269
0.5,47,-3338.36,-3338.36,0.000532992
0.5,47.5,-3338.51,-3338.52,0.000540685
0.5,48,-3338.67,-3338.67,0.000548348
0.5,48.5,-3338.83,-3338.83,0.000555978
0.5,49,-3338.98,-3338.98,0.000563574
0.5,49.5,-3339.14,-3339.14,0.000571135
0.5,50,-3339.29,-3339.29,0.000578659
0.5,50.5,-3339.44,-3339.44,0.000586144
0.5,51,-3339.59,-3339.6,0.00059359
0.5,51.5,-3339.75,-3339.75,0.000600994
0.5,52,-3339.9,-3339.9,0.000608356
0.5,52.5,-3340.05,-3340.05,0.000615675
0.5,53,-3340.19,-3340.19,0.000622948
0.5,53.5,-3340.34,-3340.34,0.000630176
0.5,54,-3340.49,-3340.49,0.000637356
0.5,54.5,-3340.63,-3340.63,0.000644488
0.5,55,-3340.78,-3340.78,0.00065157
0.5,55.5,-3340.92,-3340.92,0.000658602
0.5,56,-3341.06,-3341.07,0.000665583
0.5,56.5,-3341.21,-3341.21,0.000672511
0.5,57,-3341.35,-3341.35,0.000679387
0.5,57.5,-3341.49,-3341.49,0.000686208
0.5,58,-3341.62,-3341.62,0.000692974
0.5,58.5,-3341.76,-3341.76,0.000699685
0.5,59,-3341.9,-3341.9,0.000706339
0.5,59.5,-3342.03,-3342.03,0.000712937
0.5,60,-3342.16,-3342.17,0.000719476
0.5,60.5,-3342.3,-3342.3,0.000725958
0.5,61,-3342.43,-3342.43,0.00073238
0.5,61.5,-3342.56,-3342.56,0.000738743
0.5,62,-3342.69,-3342.69,0.000745046
0.5,62.5,-3342.81,-3342.81,0.000751288
0.5,63,-3342.94,-3342.94,0.00075747
0.5,63.5,-3343.07,-3343.07,0.00076359
0.5,64,-3343.19,-3343.19,0.000769648
0.5,64.5,-3343.31,-3343.31,0.000775644
0.5,65,-3343.43,-3343.43,0.000781578
0.5,65.5,-3343.55,-3343.55,0.00078745
0.5,66,-3343.67,-3343.67,0.000793258
0.5,66.5,-3343.79,-3343.79,0.000799004
0.5,67,-3343.9,-3343.9,0.000804686
0.5,67.5,-3344.02,-3344.02,0.000810305
0.5,68,-3344.13,-3344.13,0.00081586
0.5,68.5,-3344.24,-3344.25,0.000821352
0.5,69,-3344.36,-3344.36,0.00082678
0.5,69.5,-3344.46,-3344.47,0.000832144
0.5,70,-3344.57,-3344.57,0.000837444
0.5,70.5,-3344.68,-3344.68,0.000842681
0.5,71,-3344.79,-3344.79,0.000847854
0.5,71.5,-3344.89,-3344.89,0.000852964
0.5,72,-3344.99,-3344.99,0.00085801
0.5,72.5,-3345.09,-3345.1,0.000862992
0.5,73,-3345.19,-3345.2,0.000867912
0.5,73.5,-3345.29,-3345.29,0.000872768
0.5,74,-3345.39,-3345.39,0.000877561
0.5,74.5,-3345.49,-3345.49,0.000882292
0.5,75,-3345.58,-3345.58,0.000886961
0.5,75.5,-3345.68,-3345.68,0.000891567
0.5,76,-3345.77,-3345.77,0.000896112
0.5,76.5,-3345.86,-3345.86,0.000900595
0.5,77,-3345.95,-3345.95,0.000905016
0.5,77.5,-3346.04,-3346.04,0.000909377
0.5,78,-3346.13,-3346.13,0.000913678
0.5,78.5,-3346.22,-3346.22,0.000917918
0.5,79,-3346.3,-3346.3,0.000922098
0.5,79.5,-3346.38,-3346.39,0.000926219
0.5,80,-3346.47,-3346.47,0.000930282
0.5,80.5,-3346.55,-3346.55,0.000934285
0.5,81,-3346.63,-3346.63,0.000938231
0.5,81.5,-3346.71,-3346.71,0.00094212
0.5,82,-3346.79,-3346.79,0.000945951
0.5,82.5,-3346.86,-3346.87,0.000949726
0.5,83,-3346.94,-3346.94,0.000953445
0.5,83.5,-3347.02,-3347.02,0.000957108
0.5,84,-3347.09,-3347.09,0.000960717
0.5,84.5,-3347.16,-3347.16,0.000964271
0.5,85,-3347.23,-3347.23,0.000967771
0.5,85.5,-3347.3,-3347.3,0.000971218
0.5,86,-3347.37,-3347.37,0.000974613
0.5,86.5,-3347.44,-3347.44,0.000977956
0.5,87,-3347.51,-3347.51,0.000981247
0.5,87.5,-3347.57,-3347.58,0.000984488
0.5,88,-3347.64,-3347.64,0.000987678
0.5,88.5,-3347.7,-3347.7,0.000990819
0.5,89,-3347.77,-3347.77,0.000993912
0.5,89.5,-3347.83,-3347.83,0.000996956
0.5,90,-3347.89,-3347.89,0.000999952
0.5,90.5,-3347.95,-3347.95,0.0010029
0.5,91,-3348.01,-3348.01,0.00100581
0.5,91.5,-3348.07,-3348.07,0.00100866
0.5,92,-3348.13,-3348.13,0.00101148
0.5,92.5,-3348.18,-3348.18,0.00101425
0.5,93,-3348.24,-3348.24,0.00101697
0.5,93.5,-3348.29,-3348.29,0.00101966
0.5,94,-3348.35,-3348.35,0.0010223
0.5,94.5,-3348.4,-3348.4,0.0010249
0.5,95,-3348.45,-3348.45,0.00102746
0.5,95.5,-3348.5,-3348.5,0.00102998
0.5,96,-3348.55,-3348.55,0.00103246
0.5,96.5,-3348.6,-3348.6,0.0010349
0.5,97,-3348.65,-3348.65,0.0010373
0.5,97.5,-3348.7,-3348.7,0.00103967
0.5,98,-3348.75,-3348.75,0.001042
0.5,98.5,-3348.8,-3348.8,0.00104429
0.5,99,-3348.84,-3348.84,0.00104656
0.5,99.5,-3348.89,-3348.89,0.00104878
0.1,0,-3327.48,-3327.48,3.34775e-09
0.1,0.1,-3327.48,-3327.48,1.33909e-08
0.1,0.2,-3327.48,-3327.48,3.01293e-08
0.1,0.3,-3327.48,-3327.48,5.35625e-08
0.1,0.4,-3327.48,-3327.48,8.36902e-08
0.1,0.5,-3327.48,-3327.48,1.20512e-07
0.1,0.6,-3327.48,-3327.48,1.64026e-07
0.1,0.7,-3327.48,-3327.48,2.14232e-07
0.1,0.8,-3327.48,-3327.48,2.7113e-07
0.1,0.9,-3327.48,-3327.48,3.34717e-07
0.1,1,-3327.49,-3327.49,4.04993e-07
0.1,1.1,-3327.49,-3327.49,4.81956e-07
0.1,1.2,-3327.49,-3327.49,5.65604e-07
0.1,1.3,-3327.49,-3327.49,6.55937e-07
0.1,1.4,-3327.49,-3327.49,7.52951e-07
0.1,1.5,-3327.5,-3327.5,8.56645e-07
0.1,1.6,-3327.5,-3327.5,9.67016e-07
0.1,1.7,-3327.5,-3327.5,1.08406e-06
0.1,1.8,-3327.5,-3327.5,1.20778e-06
0.1,1.9,-3327.5,-3327.5,1.33817e-06
0.1,2,-3327.51,-3327.51,1.47523e-06
0.1,2.1,-3327.51,-3327.51,1.61896e-06
0.1,2.2,-3327.51,-3327.51,1.76934e-06
0.1,2.3,-3327.52,-3327.52,1.92638e-06
0.1,2.4,-3327.52,-3327.52,2.09008e-06
0.1,2.5,-3327.52,-3327.52,2.26043e-06
0.1,2.6,-3327.53,-3327.53,2.43743e-06
0.1,2.7,-3327.53,-3327.53,2.62108e-06
0.1,2.8,-3327.54,-3327.54,2.81137e-06
0.1,2.9,-3327.54,-3327.54,3.00829e-06
0.1,3,-3327.54,-3327.54,3.21185e-06
0.1,3.1,-3327.55,-3327.55,3.42203e-06
0.1,3.2,-3327.55,-3327.55,3.63884e-06
0.1,3.3,-3327.56,-3327.56,3.86227e-06
0.1,3.4,-3327.56,-3327.56,4.09232e-06
0.1,3.5,-3327.57,-3327.57,4.32897e-06
0.1,3.6,-3327.57,-3327.57,4.57223e-06
0.1,3.7,-3327.58,-3327.58,4.8221e-06
0.1,3.8,-3327.58,-3327.58,5.07855e-06
0.1,3.9,-3327.59,-3327.59,5.3416e-06
0.1,4,-3327.59,-3327.59,5.61124e-06
0.1,4.1,-3327.6,-3327.6,5.88745e-06
0.1,4.2,-3327.6,-3327.6,6.17023e-06
0.1,4.3,-3327.61,-3327.61,6.45959e-06
0.1,4.4,-3327.62,-3327.62,6.7555e-06
0.1,4.5,-3327.62,-3327.62,7.05798e-06
0.1,4.6,-3327.63,-3327.63,7.367e-06
0.1,4.7,-3327.63,-3327.63,7.68256e-06
0.1,4.8,-3327.64,-3327.64,8.00466e-06
0.1,4.9,-3327.65,-3327.65,8.33329e-06
0.1,5,-3327.65,-3327.65,8.66845e-06
0.1,5.1,-3327.66,-3327.66,9.01012e-06
0.1,5.2,-3327.67,-3327.67,9.3583e-06
0.1,5.3,-3327.68,-3327.68,9.71298e-06
0.1,5.4,-3327.68,-3327.68,1.00742e-05
0.1,5.5,-3327.69,-3327.69,1.04418e-05
0.1,5.6,-3327.7,-3327.7,1.0816e-05
0.1,5.7,-3327.71,-3327.71,1.11966e-05
0.1,5.8,-3327.71,-3327.71,1.15837e-05
0.1,5.9,-3327.72,-3327.72,1.19772e-05
0.1,6,-3327.73,-3327.73,1.23772e-05
0.1,6.1,-3327.74,-3327.74,1.27836e-05
0.1,6.2,-3327.75,-3327.75,1.31965e-05
0.1,6.3,-3327.76,-3327.76,1.36157e-05
0.1,6.4,-3327.76,-3327.76,1.40414e-05
0.1,6.5,-3327.77,-3327.77,1.44735e-05
0.1,6.6,-3327.78,-3327.78,1.4912e-05
0.1,6.7,-3327.79,-3327.79,1.53569e-05
0.1,6.8,-3327.8,-3327.8,1.58082e-05
0.1,6.9,-3327.81,-3327.81,1.62658e-05
0.1,7,-3327.82,-3327.82,1.67298e-05
0.1,7.1,-3327.83,-3327.83,1.72002e-05
0.1,7.2,-3327.84,-3327.84,1.76769e-05
0.1,7.3,-3327.85,-3327.85,1.81599e-05
0.1,7.4,-3327.86,-3327.86,1.86492e-05
0.1,7.5,-3327.87,-3327.87,1.91449e-05
0.1,7.6,-3327.88,-3327.88,1.96468e-05
0.1,7.7,-3327.89,-3327.89,2.01551e-05
0.1,7.8,-3327.9,-3327.9,2.06696e-05
0.1,7.9,-3327.91,-3327.91,2.11904e-05
0.1,8,-3327.92,-3327.92,2.17175e-05
0.1,8.1,-3327.93,-3327.93,2.22508e-05
0.1,8.2,-3327.94,-3327.94,2.27904e-05
0.1,8.3,-3327.95,-3327.95,2.33361e-05
0.1,8.4,-3327.97,-3327.97,2.38881e-05
0.1,8.5,-3327.98,-3327.98,2.44463e-05
0.1,8.6,-3327.99,-3327.99,2.50107e-05
0.1,8.7,-3328,-3328,2.55813e-05
0.1,8.8,-3328.01,-3328.01,2.61581e-05
0.1,8.9,-3328.02,-3328.02,2.6741e-05
0.1,9,-3328.04,-3328.04,2.73301e-05
0.1,9.1,-3328.05,-3328.05,2.79252e-05
0.1,9.2,-3328.06,-3328.06,2.85266e-05
0.1,9.3,-3328.07,-3328.07,2.9134e-05
0.1,9.4,-3328.08,-3328.08,2.97475e-05
0.1,9.5,-3328.1,-3328.1,3.03672e-05
0.1,9.6,-3328.11,-3328.11,3.09929e-05
0.1,9.7,-3328.12,-3328.12,3.16246e-05
0.1,9.8,-3328.14,-3328.14,3.22624e-05
0.1,9.9,-3328.15,-3328.15,3.29063e-05
0.1,10,-3328.16,-3328.16,3.35562e-05
0.1,10.1,-3328.18,-3328.18,3.4212e-05
0.1,10.2,-3328.19,-3328.19,3.48739e-05
0.1,10.3,-3328.2,-3328.2,3.55418e-05
0.1,10.4,-3328.22,-3328.22,3.62156e-05
0.1,10.5,-3328.23,-3328.23,3.68954e-05
0.1,10.6,-3328.24,-3328.24,3.75812e-05
0.1,10.7,-3328.26,-3328.26,3.82728e-05
0.1,10.8,-3328.27,-3328.27,3.89704e-05
0.1,10.9,-3328.29,-3328.29,3.96739e-05
0.1,11,-3328.3,-3328.3,4.03833e-05
0.1,11.1,-3328.32,-3328.32,4.10986e-05
0.1,11.2,-3328.33,-3328.33,4.18197e-05
0.1,11.3,-3328.35,-3328.35,4.25466e-05
0.1,11.4,-3328.36,-3328.36,4.32794e-05
0.1,11.5,-3328.38,-3328.38,4.40181e-05
0.1,11.6,-3328.39,-3328.39,4.47625e-05
0.1,11.7,-3328.41,-3328.41,4.55127e-05
0.1,11.8,-3328.42,-3328.42,4.62687e-05
0.1,11.9,-3328.44,-3328.44,4.70304e-05
0.1,12,-3328.45,-3328.45,4.77979e-05
0.1,12.1,-3328.47,-3328.47,4.85711e-05
0.1,12.2,-3328.49,-3328.49,4.93501e-05
0.1,12.3,-3328.5,-3328.5,5.01347e-05
0.1,12.4,-3328.52,-3328.52,5.0925e-05
0.1,12.5,-3328.53,-3328.53,5.1721e-05
0.1,12.6,-3328.55,-3328.55,5.25226e-05
0.1,12.7,-3328.57,-3328.57,5.33299e-05
0.1,12.8,-3328.58,-3328.58,5.41427e-05
0.1,12.9,-3328.6,-3328.6,5.49612e-05
0.1,13,-3328.62,-3328.62,5.57853e-05
0.1,13.1,-3328.63,-3328.63,5.6615e-05
0.1,13.2,-3328.65,-3328.65,5.74502e-05
0.1,13.3,-3328.67,-3328.67,5.82909e-05
0.1,13.4,-3328.68,-3328.68,5.91372e-05
0.1,13.5,-3328.7,-3328.7,5.9989e-05
0.1,13.6,-3328.72,-3328.72,6.08462e-05
0.1,13.7,-3328.74,-3328.74,6.1709e-05
0.1,13.8,-3328.76,-3328.76,6.25772e-05
0.1,13.9,-3328.77,-3328.77,6.34508e-05
0.1,14,-3328.79,-3328.79,6.43299e-05
0.1,14.1,-3328.81,-3328.81,6.52144e-05
0.1,14.2,-3328.83,-3328.83,6.61042e-05
0.1,14.3,-3328.85,-3328.85,6.69995e-05
0.1,14.4,-3328.86,-3328.86,6.79e-05
0.1,14.5,-3328.88,-3328.88,6.8806e-05
0.1,14.6,-3328.9,-3328.9,6.97172e-05
0.1,14.7,-3328.92,-3328.92,7.06338e-05
0.1,14.8,-3328.94,-3328.94,7.15556e-05
0.1,14.9,-3328.96,-3328.96,7.24827e-05
0.1,15,-3328.98,-3328.98,7.3415e-05
0.1,15.1,-3329,-3329,7.43526e-05
0.1,15.2,-3329.01,-3329.01,7.52954e-05
0.1,15.3,-3329.03,-3329.03,7.62434e-05
0.1,15.4,-3329.05,-3329.05,7.71966e-05
0.1,15.5,-3329.07,-3329.07,7.81549e-05
0.1,15.6,-3329.09,-3329.09,7.91184e-05
0.1,15.7,-3329.11,-3329.11,8.0087e-05
0.1,15.8,-3329.13,-3329.13,8.10607e-05
0.1,15.9,-3329.15,-3329.15,8.20395e-05
0.1,16,-3329.17,-3329.17,8.30234e-05
0.1,16.1,-3329.19,-3329.19,8.40123e-05
0.1,16.2,-3329.21,-3329.21,8.50062e-05
0.1,16.3,-3329.23,-3329.23,8.60052e-05
0.1,16.4,-3329.25,-3329.25,8.70091e-05
0.1,16.5,-3329.27,-3329.27,8.8018e-05
0.1,16.6,-3329.3,-3329.3,8.90319e-05
0.1,16.7,-3329.32,-3329.32,9.00507e-05
0.1,16.8,-3329.34,-3329.34,9.10745e-05
0.1,16.9,-3329.36,-3329.36,9.21031e-05
0.1,17,-3329.38,-3329.38,9.31366e-05
0.1,17.1,-3329.4,-3329.4,9.4175e-05
0.1,17.2,-3329.42,-3329.42,9.52182e-05
0.1,17.3,-3329.44,-3329.44,9.62662e-05
0.1,17.4,-3329.46,-3329.46,9.7319e-05
0.1,17.5,-3329.49,-3329.49,9.83766e-05
0.1,17.6,-3329.51,-3329.51,9.9439e-05
0.1,17.7,-3329.53,-3329.53,0.000100506
0.1,17.8,-3329.55,-3329.55,0.000101578
0.1,17.9,-3329.57,-3329.57,0.000102655
0.1,18,-3329.6,-3329.6,0.000103736
0.1,18.1,-3329.62,-3329.62,0.000104822
0.1,18.2,-3329.64,-3329.64,0.000105912
0.1,18.3,-3329.66,-3329.66,0.000107007
0.1,18.4,-3329.68,-3329.68,0.000108107
0.1,18.5,-3329.71,-3329.71,0.000109211
0.1,18.6,-3329.73,-3329.73,0.00011032
0.1,18.7,-3329.75,-3329.75,0.000111434
0.1,18.8,-3329.78,-3329.78,0.000112552
0.1,18.9,-3329.8,-3329.8,0.000113674
0.1,19,-3329.82,-3329.82,0.000114801
0.1,19.1,-3329.84,-3329.84,0.000115933
0.1,19.2,-3329.87,-3329.87,0.000117068
0.1,19.3,-3329.89,-3329.89,0.000118209
0.1,19.4,-3329.91,-3329.91,0.000119353
0.1,19.5,-3329.94,-3329.94,0.000120502
0.1,19.6,-3329.96,-3329.96,0.000121656
0.1,19.7,-3329.98,-3329.98,0.000122814
0.1,19.8,-3330.01,-3330.01,0.000123976
0.1,19.9,-3330.03,-3330.03,0.000125142
0.1,20,-3330.06,-3330.06,0.000126313
0.1,20.1,-3330.08,-3330.08,0.000127488
0.1,20.2,-3330.1,-3330.1,0.000128667
0.1,20.3,-3330.13,-3330.13,0.00012985
0.1,20.4,-3330.15,-3330.15,0.000131038
0.1,20.5,-3330.18,-3330.18,0.000132229
0.1,20.6,-3330.2,-3330.2,0.000133425
0.1,20.7,-3330.23,-3330.23,0.000134625
0.1,20.8,-3330.25,-3330.25,0.000135829
0.1,20.9,-3330.28,-3330.28,0.000137037
0.1,21,-3330.3,-3330.3,0.00013825
0.1,21.1,-3330.32,-3330.32,0.000139466
0.1,21.2,-3330.35,-3330.35,0.000140686
0.1,21.3,-3330.37,-3330.37,0.00014191
0.1,21.4,-3330.4,-3330.4,0.000143139
0.1,21.5,-3330.42,-3330.42,0.000144371
0.1,21.6,-3330.45,-3330.45,0.000145607
0.1,21.7,-3330.48,-3330.48,0.000146847
0.1,21.8,-3330.5,-3330.5,0.000148091
0.1,21.9,-3330.53,-3330.53,0.000149339
0.1,22,-3330.55,-3330.55,0.00015059
0.1,22.1,-3330.58,-3330.58,0.000151846
0.1,22.2,-3330.6,-3330.6,0.000153105
0.1,22.3,-3330.63,-3330.63,0.000154368
0.1,22.4,-3330.65,-3330.65,0.000155635
0.1,22.5,-3330.68,-3330.68,0.000156906
0.1,22.6,-3330.71,-3330.71,0.00015818
0.1,22.7,-3330.73,-3330.73,0.000159458
0.1,22.8,-3330.76,-3330.76,0.00016074
0.1,22.9,-3330.79,-3330.79,0.000162025
0.1,23,-3330.81,-3330.81,0.000163314
0.1,23.1,-3330.84,-3330.84,0.000164606
0.1,23.2,-3330.86,-3330.86,0.000165903
0.1,23.3,-3330.89,-3330.89,0.000167202
0.1,23.4,-3330.92,-3330.92,0.000168505
0.1,23.5,-3330.94,-3330.94,0.000169812
0.1,23.6,-3330.97,-3330.97,0.000171122
0.1,23.7,-3331,-3331,0.000172436
0.1,23.8,-3331.02,-3331.02,0.000173753
0.1,23.9,-3331.05,-3331.05,0.000175074
0.1,24,-3331.08,-3331.08,0.000176398
0.1,24.1,-3331.11,-3331.11,0.000177725
0.1,24.2,-3331.13,-3331.13,0.000179056
0.1,24.3,-3331.16,-3331.16,0.00018039
0.1,24.4,-3331.19,-3331.19,0.000181728
0.1,24.5,-3331.21,-3331.21,0.000183068
0.1,24.6,-3331.24,-3331.24,0.000184412
0.1,24.7,-3331.27,-3331.27,0.00018576
0.1,24.8,-3331.3,-3331.3,0.00018711
0.1,24.9,-3331.32,-3331.32,0.000188464
0.1,25,-3331.35,-3331.35,0.00018982
0.1,25.1,-3331.38,-3331.38,0.00019118
0.1,25.2,-3331.41,-3331.41,0.000192544
0.1,25.3,-3331.44,-3331.44,0.00019391
0.1,25.4,-3331.46,-3331.46,0.000195279
0.1,25.5,-3331.49,-3331.49,0.000196652
0.1,25.6,-3331.52,-3331.52,0.000198027
0.1,25.7,-3331.55,-3331.55,0.000199406
0.1,25.8,-3331.58,-3331.58,0.000200787
0.1,25.9,-3331.6,-3331.6,0.000202172
0.1,26,-3331.63,-3331.63,0.000203559
0.1,26.1,-3331.66,-3331.66,0.000204949
0.1,26.2,-3331.69,-3331.69,0.000206343
0.1,26.3,-3331.72,-3331.72,0.000207739
0.1,26.4,-3331.75,-3331.75,0.000209138
0.1,26.5,-3331.78,-3331.78,0.00021054
0.1,26.6,-3331.8,-3331.8,0.000211945
0.1,26.7,-3331.83,-3331.83,0.000213352
0.1,26.8,-3331.86,-3331.86,0.000214763
0.1,26.9,-3331.89,-3331.89,0.000216176
0.1,27,-3331.92,-3331.92,0.000217591
0.1,27.1,-3331.95,-3331.95,0.00021901
0.1,27.2,-3331.98,-3331.98,0.000220431
0.1,27.3,-3332.01,-3332.01,0.000221855
0.1,27.4,-3332.04,-3332.04,0.000223282
0.1,27.5,-3332.06,-3332.06,0.000224711
0.1,27.6,-3332.09,-3332.09,0.000226143
0.1,27.7,-3332.12,-3332.12,0.000227577
0.1,27.8,-3332.15,-3332.15,0.000229014
0.1,27.9,-3332.18,-3332.18,0.000230453
0.1,28,-3332.21,-3332.21,0.000231895
0.1,28.1,-3332.24,-3332.24,0.000233339
0.1,28.2,-3332.27,-3332.27,0.000234786
0.1,28.3,-3332.3,-3332.3,0.000236236
0.1,28.4,-3332.33,-3332.33,0.000237687
0.1,28.5,-3332.36,-3332.36,0.000239142
0.1,28.6,-3332.39,-3332.39,0.000240598
0.1,28.7,-3332.42,-3332.42,0.000242057
0.1,28.8,-3332.45,-3332.45,0.000243518
0.1,28.9,-3332.48,-3332.48,0.000244982
0.1,29,-3332.51,-3332.51,0.000246447
0.1,29.1,-3332.54,-3332.54,0.000247916
0.1,29.2,-3332.57,-3332.57,0.000249386
0.1,29.3,-3332.6,-3332.6,0.000250858
0.1,29.4,-3332.63,-3332.63,0.000252333
0.1,29.5,-3332.66,-3332.66,0.00025381
0.1,29.6,-3332.69,-3332.69,0.000255289
0.1,29.7,-3332.72,-3332.72,0.00025677
0.1,29.8,-3332.75,-3332.75,0.000258253
0.1,29.9,-3332.78,-3332.78,0.000259739
0.1,30,-3332.81,-3332.81,0.000261226
0.1,30.1,-3332.84,-3332.84,0.000262716
0.1,30.2,-3332.87,-3332.87,0.000264207
0.1,30.3,-3332.9,-3332.9,0.000265701
0.1,30.4,-3332.93,-3332.93,0.000267196
0.1,30.5,-3332.96,-3332.96,0.000268694
0.1,30.6,-3332.99,-3332.99,0.000270193
0.1,30.7,-3333.02,-3333.02,0.000271694
0.1,30.8,-3333.05,-3333.05,0.000273197
0.1,30.9,-3333.09,-3333.09,0.000274702
0.1,31,-3333.12,-3333.12,0.000276209
0.1,31.1,-3333.15,-3333.15,0.000277718
0.1,31.2,-3333.18,-3333.18,0.000279228
0.1,31.3,-3333.21,-3333.21,0.000280741
0.1,31.4,-3333.24,-3333.24,0.000282255
0.1,31.5,-3333.27,-3333.27,0.00028377
0.1,31.6,-3333.3,-3333.3,0.000285288
0.1,31.7,-3333.33,-3333.33,0.000286807
0.1,31.8,-3333.36,-3333.36,0.000288328
0.1,31.9,-3333.39,-3333.39,0.00028985
0.1,32,-3333.43,-3333.43,0.000291374
0.1,32.1,-3333.46,-3333.46,0.0002929
0.1,32.2,-3333.49,-3333.49,0.000294427
0.1,32.3,-3333.52,-3333.52,0.000295956
0.1,32.4,-3333.55,-3333.55,0.000297486
0.1,32.5,-3333.58,-3333.58,0.000299018
0.1,32.6,-3333.61,-3333.61,0.000300552
0.1,32.7,-3333.64,-3333.64,0.000302087
0.1,32.8,-3333.68,-3333.68,0.000303623
0.1,32.9,-3333.71,-3333.71,0.000305161
0.1,33,-3333.74,-3333.74,0.0003067
0.1,33.1,-3333.77,-3333.77,0.00030824
0.1,33.2,-3333.8,-3333.8,0.000309782
0.1,33.3,-3333.83,-3333.83,0.000311325
0.1,33.4,-3333.86,-3333.86,0.00031287
0.1,33.5,-3333.9,-3333.9,0.000314416
0.1,33.6,-3333.93,-3333.93,0.000315963
0.1,33.7,-3333.96,-3333.96,0.000317511
0.1,33.8,-3333.99,-3333.99,0.000319061
0.1,33.9,-3334.02,-3334.02,0.000320612
0.1,34,-3334.05,-3334.05,0.000322164
0.1,34.1,-3334.09,-3334.09,0.000323717
0.1,34.2,-3334.12,-3334.12,0.000325272
0.1,34.3,-3334.15,-3334.15,0.000326827
0.1,34.4,-3334.18,-3334.18,0.000328384
0.1,34.5,-3334.21,-3334.21,0.000329941
0.1,34.6,-3334.24,-3334.24,0.0003315
0.1,34.7,-3334.28,-3334.28,0.00033306
0.1,34.8,-3334.31,-3334.31,0.000334621
0.1,34.9,-3334.34,-3334.34,0.000336183
0.1,35,-3334.37,-3334.37,0.000337746
0.1,35.1,-3334.4,-3334.4,0.00033931
0.1,35.2,-3334.44,-3334.44,0.000340874
0.1,35.3,-3334.47,-3334.47,0.00034244
0.1,35.4,-3334.5,-3334.5,0.000344007
0.1,35.5,-3334.53,-3334.53,0.000345574
0.1,35.6,-3334.56,-3334.56,0.000347143
0.1,35.7,-3334.6,-3334.6,0.000348712
0.1,35.8,-3334.63,-3334.63,0.000350282
0.1,35.9,-3334.66,-3334.66,0.000351853
0.1,36,-3334.69,-3334.69,0.000353424
0.1,36.1,-3334.72,-3334.72,0.000354997
0.1,36.2,-3334.76,-3334.76,0.00035657
0.1,36.3,-3334.79,-3334.79,0.000358144
0.1,36.4,-3334.82,-3334.82,0.000359719
0.1,36.5,-3334.85,-3334.85,0.000361294
0.1,36.6,-3334.88,-3334.89,0.00036287
0.1,36.7,-3334.92,-3334.92,0.000364446
0.1,36.8,-3334.95,-3334.95,0.000366023
0.1,36.9,-3334.98,-3334.98,0.000367601
0.1,37,-3335.01,-3335.01,0.00036918
0.1,37.1,-3335.05,-3335.05,0.000370759
0.1,37.2,-3335.08,-3335.08,0.000372338
0.1,37.3,-3335.11,-3335.11,0.000373918
0.1,37.4,-3335.14,-3335.14,0.000375499
0.1,37.5,-3335.18,-3335.18,0.00037708
0.1,37.6,-3335.21,-3335.21,0.000378661
0.1,37.7,-3335.24,-3335.24,0.000380243
0.1,37.8,-3335.27,-3335.27,0.000381826
0.1,37.9,-3335.3,-3335.3,0.000383408
0.1,38,-3335.34,-3335.34,0.000384991
0.1,38.1,-3335.37,-3335.37,0.000386575
0.1,38.2,-3335.4,-3335.4,0.000388159
0.1,38.3,-3335.43,-3335.43,0.000389743
0.1,38.4,-3335.47,-3335.47,0.000391328
0.1,38.5,-3335.5,-3335.5,0.000392912
0.1,38.6,-3335.53,-3335.53,0.000394498
0.1,38.7,-3335.56,-3335.56,0.000396083
0.1,38.8,-3335.6,-3335.6,0.000397669
0.1,38.9,-3335.63,-3335.63,0.000399254
0.1,39,-3335.66,-3335.66,0.00040084
0.1,39.1,-3335.69,-3335.69,0.000402427
0.1,39.2,-3335.72,-3335.73,0.000404013
0.1,39.3,-3335.76,-3335.76,0.0004056
0.1,39.4,-3335.79,-3335.79,0.000407186
0.1,39.5,-3335.82,-3335.82,0.000408773
0.1,39.6,-3335.85,-3335.85,0.00041036
0.1,39.7,-3335.89,-3335.89,0.000411947
0.1,39.8,-3335.92,-3335.92,0.000413534
0.1,39.9,-3335.95,-3335.95,0.000415121
0.1,40,-3335.98,-3335.98,0.000416708
0.1,40.1,-3336.02,-3336.02,0.000418295
0.1,40.2,-3336.05,-3336.05,0.000419882
0.1,40.3,-3336.08,-3336.08,0.000421469
0.1,40.4,-3336.11,-3336.11,0.000423056
0.1,40.5,-3336.15,-3336.15,0.000424642
0.1,40.6,-3336.18,-3336.18,0.000426229
0.1,40.7,-3336.21,-3336.21,0.000427816
0.1,40.8,-3336.24,-3336.24,0.000429402
0.1,40.9,-3336.28,-3336.28,0.000430989
0.1,41,-3336.31,-3336.31,0.000432575
0.1,41.1,-3336.34,-3336.34,0.000434161
0.1,41.2,-3336.37,-3336.37,0.000435747
0.1,41.3,-3336.4,-3336.41,0.000437332
0.1,41.4,-3336.44,-3336.44,0.000438918
0.1,41.5,-3336.47,-3336.47,0.000440503
0.1,41.6,-3336.5,-3336.5,0.000442088
0.1,41.7,-3336.53,-3336.53,0.000443672
0.1,41.8,-3336.57,-3336.57,0.000445257
0.1,41.9,-3336.6,-3336.6,0.000446841
0.1,42,-3336.63,-3336.63,0.000448424
0.1,42.1,-3336.66,-3336.66,0.000450007
0.1,42.2,-3336.7,-3336.7,0.00045159
0.1,42.3,-3336.73,-3336.73,0.000453173
0.1,42.4,-3336.76,-3336.76,0.000454755
0.1,42.5,-3336.79,-3336.79,0.000456337
0.1,42.6,-3336.83,-3336.83,0.000457918
0.1,42.7,-3336.86,-3336.86,0.000459499
0.1,42.8,-3336.89,-3336.89,0.000461079
0.1,42.9,-3336.92,-3336.92,0.000462659
0.1,43,-3336.95,-3336.95,0.000464239
0.1,43.1,-3336.99,-3336.99,0.000465817
0.1,43.2,-3337.02,-3337.02,0.000467396
0.1,43.3,-3337.05,-3337.05,0.000468974
0.1,43.4,-3337.08,-3337.08,0.000470551
0.1,43.5,-3337.12,-3337.12,0.000472127
0.1,43.6,-3337.15,-3337.15,0.000473704
0.1,43.7,-3337.18,-3337.18,0.000475279
0.1,43.8,-3337.21,-3337.21,0.000476854
0.1,43.9,-3337.24,-3337.24,0.000478428
0.1,44,-3337.28,-3337.28,0.000480001
0.1,44.1,-3337.31,-3337.31,0.000481574
0.1,44.2,-3337.34,-3337.34,0.000483146
0.1,44.3,-3337.37,-3337.37,0.000484718
0.1,44.4,-3337.4,-3337.4,0.000486289
0.1,44.5,-3337.44,-3337.44,0.000487859
0.1,44.6,-3337.47,-3337.47,0.000489428
0.1,44.7,-3337.5,-3337.5,0.000490996
0.1,44.8,-3337.53,-3337.53,0.000492564
0.1,44.9,-3337.56,-3337.56,0.000494131
0.1,45,-3337.6,-3337.6,0.000495697
0.1,45.1,-3337.63,-3337.63,0.000497262
0.1,45.2,-3337.66,-3337.66,0.000498827
0.1,45.3,-3337.69,-3337.69,0.00050039
0.1,45.4,-3337.72,-3337.72,0.000501953
0.1,45.5,-3337.76,-3337.76,0.000503515
0.1,45.6,-3337.79,-3337.79,0.000505076
0.1,45.7,-3337.82,-3337.82,0.000506636
0.1,45.8,-3337.85,-3337.85,0.000508195
0.1,45.9,-3337.88,-3337.88,0.000509753
0.1,46,-3337.92,-3337.92,0.00051131
0.1,46.1,-3337.95,-3337.95,0.000512866
0.1,46.2,-3337.98,-3337.98,0.000514421
0.1,46.3,-3338.01,-3338.01,0.000515975
0.1,46.4,-3338.04,-3338.04,0.000517528
0.1,46.5,-3338.07,-3338.07,0.000519081
0.1,46.6,-3338.11,-3338.11,0.000520632
0.1,46.7,-3338.14,-3338.14,0.000522182
0.1,46.8,-3338.17,-3338.17,0.000523731
0.1,46.9,-3338.2,-3338.2,0.000525279
0.1,47,-3338.23,-3338.23,0.000526825
0.1,47.1,-3338.26,-3338.26,0.000528371
0.1,47.2,-3338.29,-3338.3,0.000529916
0.1,47.3,-3338.33,-3338.33,0.000531459
0.1,47.4,-3338.36,-3338.36,0.000533001
0.1,47.5,-3338.39,-3338.39,0.000534542
0.1,47.6,-3338.42,-3338.42,0.000536082
0.1,47.7,-3338.45,-3338.45,0.000537621
0.1,47.8,-3338.48,-3338.48,0.000539158
0.1,47.9,-3338.51,-3338.52,0.000540695
0.1,48,-3338.55,-3338.55,0.00054223
0.1,48.1,-3338.58,-3338.58,0.000543764
0.1,48.2,-3338.61,-3338.61,0.000545296
0.1,48.3,-3338.64,-3338.64,0.000546827
0.1,48.4,-3338.67,-3338.67,0.000548357
0.1,48.5,-3338.7,-3338.7,0.000549886
0.1,48.6,-3338.73,-3338.73,0.000551413
0.1,48.7,-3338.76,-3338.77,0.00055294
0.1,48.8,-3338.8,-3338.8,0.000554464
0.1,48.9,-3338.83,-3338.83,0.000555988
0.1,49,-3338.86,-3338.86,0.00055751
0.1,49.1,-3338.89,-3338.89,0.00055903
0.1,49.2,-3338.92,-3338.92,0.00056055
0.1,49.3,-3338.95,-3338.95,0.000562067
0.1,49.4,-3338.98,-3338.98,0.000563584
0.1,49.5,-3339.01,-3339.01,0.000565099
0.1,49.6,-3339.04,-3339.04,0.000566613
0.1,49.7,-3339.07,-3339.08,0.000568125
0.1,49.8,-3339.11,-3339.11,0.000569636
0.1,49.9,-3339.14,-3339.14,0.000571145
0.1,50,-3339.17,-3339.17,0.000572653
0.1,50.1,-3339.2,-3339.2,0.000574159
0.1,50.2,-3339.23,-3339.23,0.000575664
0.1,50.3,-3339.26,-3339.26,0.000577167
0.1,50.4,-3339.29,-3339.29,0.000578669
0.1,50.5,-3339.32,-3339.32,0.000580169
0.1,50.6,-3339.35,-3339.35,0.000581668
0.1,50.7,-3339.38,-3339.38,0.000583165
0.1,50.8,-3339.41,-3339.41,0.00058466
0.1,50.9,-3339.44,-3339.44,0.000586154
0.1,51,-3339.47,-3339.47,0.000587647
0.1,51.1,-3339.5,-3339.5,0.000589137
0.1,51.2,-3339.53,-3339.53,0.000590627
0.1,51.3,-3339.56,-3339.57,0.000592114
0.1,51.4,-3339.59,-3339.6,0.0005936
0.1,51.5,-3339.63,-3339.63,0.000595084
0.1,51.6,-3339.66,-3339.66,0.000596567
0.1,51.7,-3339.69,-3339.69,0.000598048
0.1,51.8,-3339.72,-3339.72,0.000599527
0.1,51.9,-3339.75,-3339.75,0.000601005
0.1,52,-3339.78,-3339.78,0.00060248
0.1,52.1,-3339.81,-3339.81,0.000603955
0.1,52.2,-3339.84,-3339.84,0.000605427
0.1,52.3,-3339.87,-3339.87,0.000606898
0.1,52.4,-3339.9,-3339.9,0.000608367
0.1,52.5,-3339.93,-3339.93,0.000609834
0.1,52.6,-3339.96,-3339.96,0.000611299
0.1,52.7,-3339.99,-3339.99,0.000612763
0.1,52.8,-3340.02,-3340.02,0.000614225
0.1,52.9,-3340.05,-3340.05,0.000615685
0.1,53,-3340.08,-3340.08,0.000617144
0.1,53.1,-3340.11,-3340.11,0.0006186
0.1,53.2,-3340.13,-3340.14,0.000620055
0.1,53.3,-3340.16,-3340.17,0.000621508
0.1,53.4,-3340.19,-3340.19,0.000622959
0.1,53.5,-3340.22,-3340.22,0.000624408
0.1,53.6,-3340.25,-3340.25,0.000625855
0.1,53.7,-3340.28,-3340.28,0.000627301
0.1,53.8,-3340.31,-3340.31,0.000628745
0.1,53.9,-3340.34,-3340.34,0.000630186
0.1,54,-3340.37,-3340.37,0.000631626
0.1,54.1,-3340.4,-3340.4,0.000633064
0.1,54.2,-3340.43,-3340.43,0.0006345
0.1,54.3,-3340.46,-3340.46,0.000635934
0.1,54.4,-3340.49,-3340.49,0.000637367
0.1,54.5,-3340.52,-3340.52,0.000638797
0.1,54.6,-3340.55,-3340.55,0.000640225
0.1,54.7,-3340.58,-3340.58,0.000641652
0.1,54.8,-3340.6,-3340.61,0.000643076
0.1,54.9,-3340.63,-3340.63,0.000644499
0.1,55,-3340.66,-3340.66,0.000645919
0.1,55.1,-3340.69,-3340.69,0.000647338
0.1,55.2,-3340.72,-3340.72,0.000648754
0.1,55.3,-3340.75,-3340.75,0.000650169
0.1,55.4,-3340.78,-3340.78,0.000651581
0.1,55.5,-3340.81,-3340.81,0.000652992
0.1,55.6,-3340.84,-3340.84,0.0006544
0.1,55.7,-3340.86,-3340.87,0.000655807
0.1,55.8,-3340.89,-3340.89,0.000657211
0.1,55.9,-3340.92,-3340.92,0.000658613
0.1,56,-3340.95,-3340.95,0.000660014
0.1,56.1,-3340.98,-3340.98,0.000661412
0.1,56.2,-3341.01,-3341.01,0.000662808
0.1,56.3,-3341.04,-3341.04,0.000664202
0.1,56.4,-3341.06,-3341.07,0.000665594
0.1,56.5,-3341.09,-3341.09,0.000666984
0.1,56.6,-3341.12,-3341.12,0.000668372
0.1,56.7,-3341.15,-3341.15,0.000669758
0.1,56.8,-3341.18,-3341.18,0.000671141
0.1,56.9,-3341.21,-3341.21,0.000672523
0.1,57,-3341.23,-3341.23,0.000673902
0.1,57.1,-3341.26,-3341.26,0.000675279
0.1,57.2,-3341.29,-3341.29,0.000676654
0.1,57.3,-3341.32,-3341.32,0.000678027
0.1,57.4,-3341.35,-3341.35,0.000679398
0.1,57.5,-3341.37,-3341.37,0.000680767
0.1,57.6,-3341.4,-3341.4,0.000682133
0.1,57.7,-3341.43,-3341.43,0.000683498
0.1,57.8,-3341.46,-3341.46,0.00068486
0.1,57.9,-3341.49,-3341.49,0.00068622
0.1,58,-3341.51,-3341.51,0.000687577
0.1,58.1,-3341.54,-3341.54,0.000688933
0.1,58.2,-3341.57,-3341.57,0.000690286
0.1,58.3,-3341.6,-3341.6,0.000691637
0.1,58.4,-3341.62,-3341.62,0.000692986
0.1,58.5,-3341.65,-3341.65,0.000694333
0.1,58.6,-3341.68,-3341.68,0.000695677
0.1,58.7,-3341.71,-3341.71,0.000697019
0.1,58.8,-3341.73,-3341.73,0.000698359
0.1,58.9,-3341.76,-3341.76,0.000699697
0.1,59,-3341.79,-3341.79,0.000701032
0.1,59.1,-3341.82,-3341.82,0.000702365
0.1,59.2,-3341.84,-3341.84,0.000703696
0.1,59.3,-3341.87,-3341.87,0.000705025
0.1,59.4,-3341.9,-3341.9,0.000706351
0.1,59.5,-3341.92,-3341.92,0.000707675
0.1,59.6,-3341.95,-3341.95,0.000708997
0.1,59.7,-3341.98,-3341.98,0.000710317
0.1,59.8,-3342,-3342.01,0.000711634
0.1,59.9,-3342.03,-3342.03,0.000712949
0.1,60,-3342.06,-3342.06,0.000714261
0.1,60.1,-3342.08,-3342.09,0.000715572
0.1,60.2,-3342.11,-3342.11,0.000716879
0.1,60.3,-3342.14,-3342.14,0.000718185
0.1,60.4,-3342.16,-3342.17,0.000719488
0.1,60.5,-3342.19,-3342.19,0.000720789
0.1,60.6,-3342.22,-3342.22,0.000722088
0.1,60.7,-3342.24,-3342.24,0.000723384
0.1,60.8,-3342.27,-3342.27,0.000724678
0.1,60.9,-3342.3,-3342.3,0.00072597
0.1,61,-3342.32,-3342.32,0.000727259
0.1,61.1,-3342.35,-3342.35,0.000728546
0.1,61.2,-3342.38,-3342.38,0.00072983
0.1,61.3,-3342.4,-3342.4,0.000731112
0.1,61.4,-3342.43,-3342.43,0.000732392
0.1,61.5,-3342.45,-3342.45,0.000733669
0.1,61.6,-3342.48,-3342.48,0.000734944
0.1,61.7,-3342.51,-3342.51,0.000736217
0.1,61.8,-3342.53,-3342.53,0.000737487
0.1,61.9,-3342.56,-3342.56,0.000738755
0.1,62,-3342.58,-3342.58,0.00074002
0.1,62.1,-3342.61,-3342.61,0.000741283
0.1,62.2,-3342.64,-3342.64,0.000742544
0.1,62.3,-3342.66,-3342.66,0.000743802
0.1,62.4,-3342.69,-3342.69,0.000745058
0.1,62.5,-3342.71,-3342.71,0.000746311
0.1,62.6,-3342.74,-3342.74,0.000747562
0.1,62.7,-3342.76,-3342.76,0.000748811
0.1,62.8,-3342.79,-3342.79,0.000750057
0.1,62.9,-3342.81,-3342.81,0.0007513
0.1,63,-3342.84,-3342.84,0.000752542
0.1,63.1,-3342.86,-3342.87,0.00075378
0.1,63.2,-3342.89,-3342.89,0.000755017
0.1,63.3,-3342.92,-3342.92,0.000756251
0.1,63.4,-3342.94,-3342.94,0.000757482
0.1,63.5,-3342.97,-3342.97,0.000758711
0.1,63.6,-3342.99,-3342.99,0.000759937
0.1,63.7,-3343.02,-3343.02,0.000761161
0.1,63.8,-3343.04,-3343.04,0.000762383
0.1,63.9,-3343.07,-3343.07,0.000763602
0.1,64,-3343.09,-3343.09,0.000764819
0.1,64.1,-3343.11,-3343.12,0.000766033
0.1,64.2,-3343.14,-3343.14,0.000767245
0.1,64.3,-3343.16,-3343.16,0.000768454
0.1,64.4,-3343.19,-3343.19,0.000769661
0.1,64.5,-3343.21,-3343.21,0.000770865
0.1,64.6,-3343.24,-3343.24,0.000772067
0.1,64.7,-3343.26,-3343.26,0.000773266
0.1,64.8,-3343.29,-3343.29,0.000774463
0.1,64.9,-3343.31,-3343.31,0.000775657
0.1,65,-3343.34,-3343.34,0.000776849
0.1,65.1,-3343.36,-3343.36,0.000778038
0.1,65.2,-3343.38,-3343.38,0.000779225
0.1,65.3,-3343.41,-3343.41,0.000780409
0.1,65.4,-3343.43,-3343.43,0.000781591
0.1,65.5,-3343.46,-3343.46,0.00078277
0.1,65.6,-3343.48,-3343.48,0.000783947
0.1,65.7,-3343.5,-3343.51,0.000785122
0.1,65.8,-3343.53,-3343.53,0.000786293
0.1,65.9,-3343.55,-3343.55,0.000787463
0.1,66,-3343.58,-3343.58,0.000788629
0.1,66.1,-3343.6,-3343.6,0.000789794
0.1,66.2,-3343.62,-3343.62,0.000790955
0.1,66.3,-3343.65,-3343.65,0.000792114
0.1,66.4,-3343.67,-3343.67,0.000793271
0.1,66.5,-3343.69,-3343.7,0.000794425
0.1,66.6,-3343.72,-3343.72,0.000795577
0.1,66.7,-3343.74,-3343.74,0.000796726
0.1,66.8,-3343.76,-3343.77,0.000797873
0.1,66.9,-3343.79,-3343.79,0.000799017
0.1,67,-3343.81,-3343.81,0.000800158
0.1,67.1,-3343.83,-3343.84,0.000801297
0.1,67.2,-3343.86,-3343.86,0.000802434
0.1,67.3,-3343.88,-3343.88,0.000803568
0.1,67.4,-3343.9,-3343.9,0.000804699
0.1,67.5,-3343.93,-3343.93,0.000805828
0.1,67.6,-3343.95,-3343.95,0.000806954
0.1,67.7,-3343.97,-3343.97,0.000808078
0.1,67.8,-3344,-3344,0.000809199
0.1,67.9,-3344.02,-3344.02,0.000810318
0.1,68,-3344.04,-3344.04,0.000811434
0.1,68.1,-3344.06,-3344.07,0.000812547
0.1,68.2,-3344.09,-3344.09,0.000813659
0.1,68.3,-3344.11,-3344.11,0.000814767
0.1,68.4,-3344.13,-3344.13,0.000815873
0.1,68.5,-3344.15,-3344.16,0.000816976
0.1,68.6,-3344.18,-3344.18,0.000818077
0.1,68.7,-3344.2,-3344.2,0.000819176
0.1,68.8,-3344.22,-3344.22,0.000820271
0.1,68.9,-3344.24,-3344.25,0.000821365
0.1,69,-3344.27,-3344.27,0.000822455
0.1,69.1,-3344.29,-3344.29,0.000823543
0.1,69.2,-3344.31,-3344.31,0.000824629
0.1,69.3,-3344.33,-3344.33,0.000825712
0.1,69.4,-3344.36,-3344.36,0.000826793
0.1,69.5,-3344.38,-3344.38,0.000827871
0.1,69.6,-3344.4,-3344.4,0.000828946
0.1,69.7,-3344.42,-3344.42,0.000830019
0.1,69.8,-3344.44,-3344.44,0.000831089
0.1,69.9,-3344.46,-3344.47,0.000832157
0.1,70,-3344.49,-3344.49,0.000833222
0.1,70.1,-3344.51,-3344.51,0.000834285
0.1,70.2,-3344.53,-3344.53,0.000835345
0.1,70.3,-3344.55,-3344.55,0.000836402
0.1,70.4,-3344.57,-3344.57,0.000837457
0.1,70.5,-3344.59,-3344.6,0.00083851
0.1,70.6,-3344.62,-3344.62,0.00083956
0.1,70.7,-3344.64,-3344.64,0.000840607
0.1,70.8,-3344.66,-3344.66,0.000841652
0.1,70.9,-3344.68,-3344.68,0.000842694
0.1,71,-3344.7,-3344.7,0.000843734
0.1,71.1,-3344.72,-3344.72,0.000844771
0.1,71.2,-3344.74,-3344.74,0.000845806
0.1,71.3,-3344.76,-3344.77,0.000846838
0.1,71.4,-3344.79,-3344.79,0.000847867
0.1,71.5,-3344.81,-3344.81,0.000848894
0.1,71.6,-3344.83,-3344.83,0.000849919
0.1,71.7,-3344.85,-3344.85,0.000850941
0.1,71.8,-3344.87,-3344.87,0.00085196
0.1,71.9,-3344.89,-3344.89,0.000852977
0.1,72,-3344.91,-3344.91,0.000853991
0.1,72.1,-3344.93,-3344.93,0.000855003
0.1,72.2,-3344.95,-3344.95,0.000856012
0.1,72.3,-3344.97,-3344.97,0.000857019
0.1,72.4,-3344.99,-3344.99,0.000858023
0.1,72.5,-3345.01,-3345.01,0.000859024
0.1,72.6,-3345.03,-3345.03,0.000860024
0.1,72.7,-3345.05,-3345.05,0.00086102
0.1,72.8,-3345.07,-3345.07,0.000862014
0.1,72.9,-3345.09,-3345.1,0.000863006
0.1,73,-3345.11,-3345.12,0.000863994
0.1,73.1,-3345.13,-3345.14,0.000864981
0.1,73.2,-3345.15,-3345.16,0.000865965
0.1,73.3,-3345.17,-3345.18,0.000866946
0.1,73.4,-3345.19,-3345.2,0.000867925
0.1,73.5,-3345.21,-3345.22,0.000868901
0.1,73.6,-3345.23,-3345.24,0.000869875
0.1,73.7,-3345.25,-3345.26,0.000870846
0.1,73.8,-3345.27,-3345.28,0.000871815
0.1,73.9,-3345.29,-3345.29,0.000872781
0.1,74,-3345.31,-3345.31,0.000873745
0.1,74.1,-3345.33,-3345.33,0.000874706
0.1,74.2,-3345.35,-3345.35,0.000875665
0.1,74.3,-3345.37,-3345.37,0.000876621
0.1,74.4,-3345.39,-3345.39,0.000877575
0.1,74.5,-3345.41,-3345.41,0.000878526
0.1,74.6,-3345.43,-3345.43,0.000879475
0.1,74.7,-3345.45,-3345.45,0.000880421
0.1,74.8,-3345.47,-3345.47,0.000881365
0.1,74.9,-3345.49,-3345.49,0.000882306
0.1,75,-3345.51,-3345.51,0.000883244
0.1,75.1,-3345.53,-3345.53,0.000884181
0.1,75.2,-3345.55,-3345.55,0.000885114
0.1,75.3,-3345.56,-3345.57,0.000886046
0.1,75.4,-3345.58,-3345.58,0.000886974
0.1,75.5,-3345.6,-3345.6,0.000887901
0.1,75.6,-3345.62,-3345.62,0.000888824
0.1,75.7,-3345.64,-3345.64,0.000889746
0.1,75.8,-3345.66,-3345.66,0.000890664
0.1,75.9,-3345.68,-3345.68,0.000891581
0.1,76,-3345.7,-3345.7,0.000892495
0.1,76.1,-3345.71,-3345.72,0.000893406
0.1,76.2,-3345.73,-3345.73,0.000894315
0.1,76.3,-3345.75,-3345.75,0.000895221
0.1,76.4,-3345.77,-3345.77,0.000896125
0.1,76.5,-3345.79,-3345.79,0.000897027
0.1,76.6,-3345.81,-3345.81,0.000897926
0.1,76.7,-3345.83,-3345.83,0.000898822
0.1,76.8,-3345.84,-3345.84,0.000899717
0.1,76.9,-3345.86,-3345.86,0.000900608
0.1,77,-3345.88,-3345.88,0.000901497
0.1,77.1,-3345.9,-3345.9,0.000902384
0.1,77.2,-3345.92,-3345.92,0.000903269
0.1,77.3,-3345.93,-3345.94,0.00090415
0.1,77.4,-3345.95,-3345.95,0.00090503
0.1,77.5,-3345.97,-3345.97,0.000905907
0.1,77.6,-3345.99,-3345.99,0.000906782
0.1,77.7,-3346.01,-3346.01,0.000907654
0.1,77.8,-3346.02,-3346.02,0.000908524
0.1,77.9,-3346.04,-3346.04,0.000909391
0.1,78,-3346.06,-3346.06,0.000910256
0.1,78.1,-3346.08,-3346.08,0.000911118
0.1,78.2,-3346.09,-3346.09,0.000911978
0.1,78.3,-3346.11,-3346.11,0.000912836
0.1,78.4,-3346.13,-3346.13,0.000913691
0.1,78.5,-3346.15,-3346.15,0.000914544
0.1,78.6,-3346.16,-3346.16,0.000915394
0.1,78.7,-3346.18,-3346.18,0.000916243
0.1,78.8,-3346.2,-3346.2,0.000917088
0.1,78.9,-3346.22,-3346.22,0.000917931
0.1,79,-3346.23,-3346.23,0.000918772
0.1,79.1,-3346.25,-3346.25,0.000919611
0.1,79.2,-3346.27,-3346.27,0.000920447
0.1,79.3,-3346.28,-3346.28,0.000921281
0.1,79.4,-3346.3,-3346.3,0.000922112
0.1,79.5,-3346.32,-3346.32,0.000922941
0.1,79.6,-3346.33,-3346.34,0.000923767
0.1,79.7,-3346.35,-3346.35,0.000924592
0.1,79.8,-3346.37,-3346.37,0.000925414
0.1,79.9,-3346.38,-3346.39,0.000926233
0.1,80,-3346.4,-3346.4,0.00092705
0.1,80.1,-3346.42,-3346.42,0.000927865
0.1,80.2,-3346.43,-3346.44,0.000928677
0.1,80.3,-3346.45,-3346.45,0.000929488
0.1,80.4,-3346.47,-3346.47,0.000930295
0.1,80.5,-3346.48,-3346.49,0.000931101
0.1,80.6,-3346.5,-3346.5,0.000931904
0.1,80.7,-3346.52,-3346.52,0.000932705
0.1,80.8,-3346.53,-3346.53,0.000933503
0.1,80.9,-3346.55,-3346.55,0.000934299
0.1,81,-3346.57,-3346.57,0.000935093
0.1,81.1,-3346.58,-3346.58,0.000935884
0.1,81.2,-3346.6,-3346.6,0.000936674
0.1,81.3,-3346.61,-3346.62,0.00093746
0.1,81.4,-3346.63,-3346.63,0.000938245
0.1,81.5,-3346.65,-3346.65,0.000939027
0.1,81.6,-3346.66,-3346.66,0.000939807
0.1,81.7,-3346.68,-3346.68,0.000940585
0.1,81.8,-3346.69,-3346.69,0.00094136
0.1,81.9,-3346.71,-3346.71,0.000942133
0.1,82,-3346.73,-3346.73,0.000942904
0.1,82.1,-3346.74,-3346.74,0.000943673
0.1,82.2,-3346.76,-3346.76,0.000944439
0.1,82.3,-3346.77,-3346.77,0.000945203
0.1,82.4,-3346.79,-3346.79,0.000945965
0.1,82.5,-3346.8,-3346.8,0.000946724
0.1,82.6,-3346.82,-3346.82,0.000947481
0.1,82.7,-3346.83,-3346.84,0.000948236
0.1,82.8,-3346.85,-3346.85,0.000948989
0.1,82.9,-3346.86,-3346.87,0.000949739
0.1,83,-3346.88,-3346.88,0.000950488
0.1,83.1,-3346.9,-3346.9,0.000951234
0.1,83.2,-3346.91,-3346.91,0.000951977
0.1,83.3,-3346.93,-3346.93,0.000952719
0.1,83.4,-3346.94,-3346.94,0.000953458
0.1,83.5,-3346.96,-3346.96,0.000954195
0.1,83.6,-3346.97,-3346.97,0.00095493
0.1,83.7,-3346.99,-3346.99,0.000955663
0.1,83.8,-3347,-3347,0.000956393
0.1,83.9,-3347.02,-3347.02,0.000957122
0.1,84,-3347.03,-3347.03,0.000957848
0.1,84.1,-3347.05,-3347.05,0.000958572
0.1,84.2,-3347.06,-3347.06,0.000959293
0.1,84.3,-3347.07,-3347.08,0.000960013
0.1,84.4,-3347.09,-3347.09,0.00096073
0.1,84.5,-3347.1,-3347.1,0.000961445
0.1,84.6,-3347.12,-3347.12,0.000962158
0.1,84.7,-3347.13,-3347.13,0.000962869
0.1,84.8,-3347.15,-3347.15,0.000963578
0.1,84.9,-3347.16,-3347.16,0.000964284
0.1,85,-3347.18,-3347.18,0.000964989
0.1,85.1,-3347.19,-3347.19,0.000965691
0.1,85.2,-3347.2,-3347.21,0.000966391
0.1,85.3,-3347.22,-3347.22,0.000967089
0.1,85.4,-3347.23,-3347.23,0.000967785
0.1,85.5,-3347.25,-3347.25,0.000968479
0.1,85.6,-3347.26,-3347.26,0.00096917
0.1,85.7,-3347.28,-3347.28,0.00096986
0.1,85.8,-3347.29,-3347.29,0.000970547
0.1,85.9,-3347.3,-3347.3,0.000971232
0.1,86,-3347.32,-3347.32,0.000971915
0.1,86.1,-3347.33,-3347.33,0.000972596
0.1,86.2,-3347.35,-3347.35,0.000973275
0.1,86.3,-3347.36,-3347.36,0.000973952
0.1,86.4,-3347.37,-3347.37,0.000974627
0.1,86.5,-3347.39,-3347.39,0.0009753
0.1,86.6,-3347.4,-3347.4,0.00097597
0.1,86.7,-3347.41,-3347.41,0.000976639
0.1,86.8,-3347.43,-3347.43,0.000977305
0.1,86.9,-3347.44,-3347.44,0.00097797
0.1,87,-3347.45,-3347.46,0.000978632
0.1,87.1,-3347.47,-3347.47,0.000979292
0.1,87.2,-3347.48,-3347.48,0.000979951
0.1,87.3,-3347.49,-3347.5,0.000980607
0.1,87.4,-3347.51,-3347.51,0.000981261
0.1,87.5,-3347.52,-3347.52,0.000981913
0.1,87.6,-3347.53,-3347.54,0.000982563
0.1,87.7,-3347.55,-3347.55,0.000983211
0.1,87.8,-3347.56,-3347.56,0.000983857
0.1,87.9,-3347.57,-3347.58,0.000984502
0.1,88,-3347.59,-3347.59,0.000985144
0.1,88.1,-3347.6,-3347.6,0.000985784
0.1,88.2,-3347.61,-3347.61,0.000986422
0.1,88.3,-3347.63,-3347.63,0.000987058
0.1,88.4,-3347.64,-3347.64,0.000987692
0.1,88.5,-3347.65,-3347.65,0.000988324
0.1,88.6,-3347.67,-3347.67,0.000988954
0.1,88.7,-3347.68,-3347.68,0.000989583
0.1,88.8,-3347.69,-3347.69,0.000990209
0.1,88.9,-3347.7,-3347.7,0.000990833
0.1,89,-3347.72,-3347.72,0.000991455
0.1,89.1,-3347.73,-3347.73,0.000992076
0.1,89.2,-3347.74,-3347.74,0.000992694
0.1,89.3,-3347.75,-3347.76,0.000993311
0.1,89.4,-3347.77,-3347.77,0.000993925
0.1,89.5,-3347.78,-3347.78,0.000994538
0.1,89.6,-3347.79,-3347.79,0.000995149
0.1,89.7,-3347.8,-3347.81,0.000995757
0.1,89.8,-3347.82,-3347.82,0.000996364
0.1,89.9,-3347.83,-3347.83,0.000996969
0.1,90,-3347.84,-3347.84,0.000997572
0.1,90.1,-3347.85,-3347.85,0.000998174
0.1,90.2,-3347.87,-3347.87,0.000998773
0.1,90.3,-3347.88,-3347.88,0.00099937
0.1,90.4,-3347.89,-3347.89,0.000999966
0.1,90.5,-3347.9,-3347.9,0.00100056
0.1,90.6,-3347.91,-3347.92,0.00100115
0.1,90.7,-3347.93,-3347.93,0.00100174
0.1,90.8,-3347.94,-3347.94,0.00100233
0.1,90.9,-3347.95,-3347.95,0.00100292
0.1,91,-3347.96,-3347.96,0.0010035
0.1,91.1,-3347.97,-3347.98,0.00100408
0.1,91.2,-3347.99,-3347.99,0.00100466
0.1,91.3,-3348,-3348,0.00100524
0.1,91.4,-3348.01,-3348.01,0.00100582
0.1,91.5,-3348.02,-3348.02,0.00100639
0.1,91.6,-3348.03,-3348.03,0.00100697
0.1,91.7,-3348.04,-3348.05,0.00100754
0.1,91.8,-3348.06,-3348.06,0.00100811
0.1,91.9,-3348.07,-3348.07,0.00100868
0.1,92,-3348.08,-3348.08,0.00100924
0.1,92.1,-3348.09,-3348.09,0.00100981
0.1,92.2,-3348.1,-3348.1,0.00101037
0.1,92.3,-3348.11,-3348.11,0.00101093
0.1,92.4,-3348.13,-3348.13,0.00101149
0.1,92.5,-3348.14,-3348.14,0.00101205
0.1,92.6,-3348.15,-3348.15,0.0010126
0.1,92.7,-3348.16,-3348.16,0.00101316
0.1,92.8,-3348.17,-3348.17,0.00101371
0.1,92.9,-3348.18,-3348.18,0.00101426
0.1,93,-3348.19,-3348.19,0.00101481
0.1,93.1,-3348.2,-3348.21,0.00101536
0.1,93.2,-3348.22,-3348.22,0.0010159
0.1,93.3,-3348.23,-3348.23,0.00101644
0.1,93.4,-3348.24,-3348.24,0.00101699
0.1,93.5,-3348.25,-3348.25,0.00101753
0.1,93.6,-3348.26,-3348.26,0.00101806
0.1,93.7,-3348.27,-3348.27,0.0010186
0.1,93.8,-3348.28,-3348.28,0.00101914
0.1,93.9,-3348.29,-3348.29,0.00101967
0.1,94,-3348.3,-3348.3,0.0010202
0.1,94.1,-3348.31,-3348.32,0.00102073
0.1,94.2,-3348.32,-3348.33,0.00102126
0.1,94.3,-3348.34,-3348.34,0.00102179
0.1,94.4,-3348.35,-3348.35,0.00102231
0.1,94.5,-3348.36,-3348.36,0.00102283
0.1,94.6,-3348.37,-3348.37,0.00102335
0.1,94.7,-3348.38,-3348.38,0.00102387
0.1,94.8,-3348.39,-3348.39,0.00102439
0.1,94.9,-3348.4,-3348.4,0.00102491
0.1,95,-3348.41,-3348.41,0.00102542
0.1,95.1,-3348.42,-3348.42,0.00102594
0.1,95.2,-3348.43,-3348.43,0.00102645
0.1,95.3,-3348.44,-3348.44,0.00102696
0.1,95.4,-3348.45,-3348.45,0.00102747
0.1,95.5,-3348.46,-3348.46,0.00102798
0.1,95.6,-3348.47,-3348.47,0.00102848
0.1,95.7,-3348.48,-3348.48,0.00102899
0.1,95.8,-3348.49,-3348.49,0.00102949
0.1,95.9,-3348.5,-3348.5,0.00102999
0.1,96,-3348.51,-3348.51,0.00103049
0.1,96.1,-3348.52,-3348.52,0.00103099
0.1,96.2,-3348.53,-3348.53,0.00103148
0.1,96.3,-3348.54,-3348.54,0.00103198
0.1,96.4,-3348.55,-3348.55,0.00103247
0.1,96.5,-3348.56,-3348.56,0.00103296
0.1,96.6,-3348.57,-3348.57,0.00103345
0.1,96.7,-3348.58,-3348.58,0.00103394
0.1,96.8,-3348.59,-3348.59,0.00103443
0.1,96.9,-3348.6,-3348.6,0.00103491
0.1,97,-3348.61,-3348.61,0.00103539
0.1,97.1,-3348.62,-3348.62,0.00103588
0.1,97.2,-3348.63,-3348.63,0.00103636
0.1,97.3,-3348.64,-3348.64,0.00103684
0.1,97.4,-3348.65,-3348.65,0.00103731
0.1,97.5,-3348.66,-3348.66,0.00103779
0.1,97.6,-3348.67,-3348.67,0.00103827
0.1,97.7,-3348.68,-3348.68,0.00103874
0.1,97.8,-3348.69,-3348.69,0.00103921
0.1,97.9,-3348.7,-3348.7,0.00103968
0.1,98,-3348.71,-3348.71,0.00104015
0.1,98.1,-3348.72,-3348.72,0.00104062
0.1,98.2,-3348.73,-3348.73,0.00104108
0.1,98.3,-3348.74,-3348.74,0.00104155
0.1,98.4,-3348.75,-3348.75,0.00104201
0.1,98.5,-3348.76,-3348.76,0.00104247
0.1,98.6,-3348.77,-3348.77,0.00104294
0.1,98.7,-3348.78,-3348.78,0.00104339
0.1,98.8,-3348.79,-3348.79,0.00104385
0.1,98.9,-3348.8,-3348.8,0.00104431
0.1,99,-3348.8,-3348.81,0.00104476
0.1,99.1,-3348.81,-3348.81,0.00104522
0.1,99.2,-3348.82,-3348.82,0.00104567
0.1,99.3,-3348.83,-3348.83,0.00104612
0.1,99.4,-3348.84,-3348.84,0.00104657
0.1,99.5,-3348.85,-3348.85,0.00104702
0.1,99.6,-3348.86,-3348.86,0.00104746
0.1,99.7,-3348.87,-3348.87,0.00104791
0.1,99.8,-3348.88,-3348.88,0.00104835
0.1,99.9,-3348.89,-3348.89,0.00104879
0.1,100,-3348.9,-3348.9,0.00104924
