Cluster size,total energy,temperature,potential energy,kinetic energy
923,-3249.718721400504364,502.631449295590983,-3309.686161172584434,59.967439772076176
923,-3248.524431097614070,502.163482416265310,-3308.436039155039452,59.911608057426101
923,-3247.330150159695677,510.801596428454673,-3308.272345504282384,60.942195344584960
923,-3246.135880575802730,518.591792330469389,-3308.007500659366997,61.871620083569113
923,-3244.941621620138449,529.980717366854492,-3308.172019943996020,63.230398323858687
923,-3243.747329840665316,531.401596580962860,-3307.147248971110912,63.399919130435535
923,-3242.553064839199124,540.019344686182080,-3306.981141461959851,64.428076622758894
923,-3241.358783315268738,546.892908076705226,-3306.606924021207760,65.248140705932400
923,-3240.164514931395388,543.673115055918629,-3305.028511858973161,64.863996927577276
923,-3238.970234337767124,549.351695513897766,-3304.511725544863566,65.541491207097522
923,-3237.775949046982078,558.217129563122512,-3304.375148408129007,66.599199361143917
923,-3236.581681573108199,559.477439613100387,-3303.331244718932339,66.749563145825846
923,-3235.387383673992190,554.351757556033590,-3301.525417178203952,66.138033504219237
923,-3234.193119353694328,562.914015037096306,-3301.352689931502027,67.159570577810953
923,-3232.998849581592367,575.694544403773534,-3301.683226508322150,68.684376926728433
923,-3231.804553495745495,570.215192169391457,-3299.835205460444286,68.030651964699558
923,-3230.610285025550183,572.672747501267963,-3298.934140492651750,68.323855467101524
923,-3229.416004839182278,580.093319243066048,-3298.625186303340797,69.209181464160139
923,-3228.221735765787798,589.899667923257084,-3298.600883066115330,70.379147300335845
923,-3227.027461412408229,587.381155945393061,-3297.106132657062517,70.078671244650394
923,-3225.833162018967869,588.348625672250478,-3296.027259154015610,70.194097135047826
923,-3224.638904138645103,591.786523452825463,-3295.243166472049325,70.604262333401493
923,-3223.444621555961476,599.755102344489501,-3294.999590963950595,71.554969407987969
923,-3222.250336649243309,606.193132283490968,-3294.573407960040186,72.323071310801453
923,-3221.056066211249799,606.292278990831051,-3293.390966416182437,72.334900204933177
923,-3219.861805115059724,615.498103699263652,-3293.295024455264866,73.433219340213952
923,-3218.667524117177891,617.498298299021712,-3292.339380632523898,73.671856515347898
923,-3217.473230974692342,614.015758479145916,-3290.729596184837192,73.256365210148147
923,-3216.278973814905385,630.733893257419140,-3291.529929180177987,75.250955365265966
923,-3215.084696227884251,633.764691894375687,-3290.697247022514603,75.612550794636306
923,-3213.890391607585570,625.260149013737532,-3288.488291083252989,74.597899475665940
923,-3212.696110954080268,626.509797004171332,-3287.443102156313671,74.746991202233431
923,-3211.501852426727055,631.004407566363625,-3286.785082036982658,75.283229610245897
923,-3210.307566470418351,633.670727309526114,-3285.908906634300820,75.601340163883648
923,-3209.113293006171716,634.785814195114085,-3284.847670817702692,75.734377811539318
923,-3207.919009444671246,647.787371757045321,-3285.204563811380012,77.285554366709206
923,-3206.724742324521230,655.560500173888499,-3284.937685160111869,78.212942835598113
923,-3205.530467402515114,650.703916146684264,-3283.163985869506178,77.633518466992371
923,-3204.336177486129600,664.044317642591068,-3283.561298954407448,79.225121468281500
923,-3203.141920989190567,674.094435381439098,-3283.566091643608615,80.424170654422213
923,-3201.947632076261016,674.276191337142336,-3282.393487484675006,80.445855408414616
923,-3200.753378109217010,680.549974391199271,-3281.947739620792618,81.194361511573476
923,-3199.559100957744249,687.544287238855418,-3281.587932805431592,82.028831847694676
923,-3198.364815335944058,682.700459114629325,-3279.815744683283810,81.450929347338104
923,-3197.170530141784184,681.312633433586598,-3278.455882199727512,81.285352057937118
923,-3195.976249245080908,684.816527968868286,-3277.679640374799874,81.703391129719691
923,-3194.781963039666607,691.133297539059868,-3277.238988863916347,82.457025824256647
923,-3193.587688667095790,690.246659347869581,-3275.938932367286725,82.351243700188647
923,-3192.393396495787783,684.321555103522087,-3274.037733908251084,81.644337412462050
923,-3191.199125059019480,683.770098055136827,-3272.777669796987539,81.578544737963824
923,-3190.004850195334257,702.754190655175648,-3273.848329670698604,83.843479475366166
923,-3188.810578642661767,705.893072408745638,-3273.028548617520755,84.217969974861674
923,-3187.616331672373235,718.313267052799006,-3273.316117548963120,85.699785876589800
923,-3186.422030085950610,718.656736124624331,-3272.162794219879288,85.740764133933297
923,-3185.227753279693843,726.623275725156077,-3271.918981186553083,86.691227906855488
923,-3184.033487855374005,728.236513910138115,-3270.917186336509531,86.883698481132967
923,-3182.839204964454893,727.427260693438370,-3269.626353889046186,86.787148924592429
923,-3181.644910896210149,720.249038181281094,-3267.575647778200164,85.930736881988238
923,-3180.450658386684609,734.046757914094087,-3268.027559527258745,87.576901140569817
923,-3179.256365304821429,733.612588759169853,-3266.781467035135847,87.525101730315384
923,-3178.062094091770177,728.450095719687170,-3264.971274373371671,86.909180281602104
923,-3176.867807722051566,730.217835164611643,-3263.987891656508054,87.120083934457099
923,-3175.673528980859373,742.476228845806531,-3264.256124832963906,88.582595852105214
923,-3174.479281935351082,751.084317751394565,-3264.088882869853023,89.609600934501003
923,-3173.284963636467637,738.162375435454351,-3261.352886670279076,88.067923033813699
923,-3172.090690279131195,748.636053230518314,-3261.408196169822531,89.317505890691749
923,-3170.896418806165002,749.326870333073884,-3260.296343998413704,89.399925192247778
923,-3169.702151360110292,752.262341346449944,-3259.452298730941038,89.750147370832579
923,-3168.507851898792524,759.597935106617570,-3259.133186800417207,90.625334901619937
923,-3167.313574591012639,756.233842484992692,-3257.537549764831510,90.223975173816015
923,-3166.119315403540895,768.225392830200008,-3257.773966222718173,91.654650819177817
923,-3164.925039740343436,772.518130176944737,-3257.091844084050535,92.166804343711291
923,-3163.730755047069124,771.144450735474265,-3255.733669846488283,92.002914799418136
923,-3162.536459379144162,766.203816202915277,-3253.949921998073023,91.413462618934460
923,-3161.342179247169497,775.046193194919056,-3253.810599152313443,92.468419905139072
923,-3160.147923562604774,781.980415935913470,-3253.443644634770408,93.295721072166103
923,-3158.953633144066771,771.073146093611172,-3250.948040802074047,91.994407658007745
923,-3157.759360602668494,769.849312036157016,-3249.607756316467203,91.848395713800841
923,-3156.565067641065070,776.934880659524538,-3249.258821141901535,92.693753500839577
923,-3155.370797623526414,765.824500670092107,-3246.739005252149127,91.368207628620780
923,-3154.176508091130017,772.688569158867153,-3246.363646994886039,92.187138903750650
923,-3152.982230621867075,779.474771064517313,-3245.979010773954087,92.996780152081996
923,-3151.787967360444782,778.729667223265778,-3244.695851424174180,92.907884063731458
923,-3150.593698619331917,777.557507446076102,-3243.361735841127029,92.768037221795225
923,-3149.399415354053872,796.172218988775398,-3244.388317575193923,94.988902221141899
923,-3148.205145047882979,794.839213496147636,-3243.035010410693758,94.829865362809258
923,-3147.010865290719266,803.822068795229370,-3242.912447982166213,95.901582691448482
923,-3145.816572711024037,791.127092636474117,-3240.203556148333519,94.386983437312992
923,-3144.622283617335597,788.126734709714356,-3238.651303414451377,94.029019797115524
923,-3143.428022120851438,804.097294746749299,-3239.362441189126457,95.934419068270017
923,-3142.233749118549895,801.425000613725729,-3237.849344846776148,95.615595728226552
923,-3141.039458882632971,797.285188403472830,-3236.161146122375612,95.121687239742414
923,-3139.845163113145190,784.982702093057469,-3233.499077876848332,93.653914763705544
923,-3138.650887146818604,796.301665940100861,-3233.655233292670346,95.004346145846682
923,-3137.456621820606415,820.578509164351317,-3235.357364791497730,97.900742970889652
923,-3136.262366395628760,820.964500699021073,-3234.209160850441094,97.946794454815347
923,-3135.068065778207256,813.763371503527992,-3232.155715263230832,97.087649485022936
923,-3133.873782327992103,814.081935355083942,-3230.999438703762280,97.125656375774881
923,-3132.679513269504696,815.364917543753563,-3229.958238374334087,97.278725104831537
923,-3131.485209916259919,819.380941396042203,-3229.243074694551069,97.757864778289814
923,-3130.290938039139746,812.454451227888399,-3227.222424200308069,96.931486161168465
923,-3129.096659758963142,805.261708839233393,-3225.170001554924511,96.073341795963657
923,-3127.902377435732433,812.445672342834200,-3224.832816214645391,96.930438778913569
923,-3126.708142004520141,831.115619175440770,-3225.866035738357368,99.157893733833646
923,-3125.513843729203018,823.533191134438880,-3223.767100879890222,98.253257150683041
923,-3124.319520498838756,805.672086379364941,-3220.441823199372266,96.122302700531350
923,-3123.125301102542380,816.643010036411169,-3220.556511561566822,97.431210459029103
923,-3121.931019433845904,820.221006224872212,-3219.789109809041747,97.858090375192091
923,-3120.736763263714693,825.925536199502289,-3219.275443876866120,98.538680613151115
923,-3119.542508658363204,818.511167355333782,-3217.196603323431646,97.654094665069692
923,-3118.348186616826297,808.320339487370916,-3214.786444395340368,96.438257778507790
923,-3117.153857737291673,800.946800329188136,-3212.712400834202072,95.558543096915656
923,-3115.959605547101546,796.915053345170122,-3211.037133091208943,95.077527544109699
923,-3114.765321853628848,806.401830294688580,-3210.974688096147020,96.209366242521298
923,-3113.571047539277060,801.711629073438530,-3209.220840043130920,95.649792503853931
923,-3112.376759448088251,801.045267795174709,-3207.947050400907756,95.570290952813167
923,-3111.182476115781810,798.500566833435755,-3206.449166484353555,95.266690368578267
923,-3109.988203016312127,814.888517021943812,-3207.210090214092361,97.221887197774763
923,-3108.793977988855204,815.573914577824553,-3206.097637898448284,97.303659909589229
923,-3107.599634491979486,823.158045208470867,-3205.808134115552093,98.208499623567263
923,-3106.405320191643568,802.512464381721543,-3202.150657936811513,95.745337745171497
923,-3105.211072186260935,809.621129363196360,-3201.804523275181964,96.593451088922336
923,-3104.016791648672552,812.444799901301508,-3200.947126339227907,96.930334690549898
923,-3102.822525573013536,821.145850768418200,-3200.790956356750939,97.968430783738697
923,-3101.628213596008209,808.926709284904518,-3198.138815523221183,96.510601927215887
923,-3100.434022469728916,812.095671041201172,-3197.322703650697804,96.888681180965449
923,-3099.239708404080829,827.121288455156900,-3197.921050606500103,98.681342202420566
923,-3098.045396814727610,816.255782391575281,-3195.430408313261523,97.385011498533871
923,-3096.851195560891938,854.144151954907329,-3198.756553971731137,101.905358410839582
923,-3095.656828184596634,839.104590394162528,-3195.767861939960767,100.111033755356274
923,-3094.462555740840344,825.731610155690191,-3192.978099623555408,98.515543882711910
923,-3093.268309806759135,834.789817334049644,-3192.864561023188799,99.596251216430389
923,-3092.074018481469466,850.618691423078531,-3193.558764846628947,101.484746365159651
923,-3090.879812751591999,860.994737566097683,-3193.602493836162921,102.722681084576607
923,-3089.685543733915438,856.751973745214286,-3191.902033484360800,102.216489750443998
923,-3088.491221993185263,851.798765402362847,-3190.116759419823666,101.625537426639553
923,-3087.296966264992079,867.481731166849045,-3190.793590958945970,103.496624693955056
923,-3086.102689065298819,851.937855095107807,-3187.744820862989400,101.642131797692684
923,-3084.908350471941503,864.009482536578616,-3187.990711671437111,103.082361199497370
923,-3083.714096977295412,880.018171109073478,-3188.706406448326561,104.992309471031930
923,-3082.519851924929299,879.495321852303846,-3187.449781830664051,104.929929905728031
923,-3081.325570178664293,881.842978459340657,-3186.535591901931184,105.210021723271964
923,-3080.131382106055298,904.701838254006248,-3188.068625335092747,107.937243229041172
923,-3078.937144874792011,911.460766427177418,-3187.680775405538043,108.743630530744056
923,-3077.742784828177719,882.032321071475849,-3182.975396446505783,105.232611618324185
923,-3076.548542384354732,896.897349050929165,-3183.554655583837757,107.006113199487331
923,-3075.354222922561803,878.763808503699124,-3180.196878180558997,104.842655257998658
923,-3074.160017929719743,889.800569423271668,-3180.319435791122487,106.159417861394985
923,-3072.965660165782992,920.815777479716871,-3182.825408803843857,109.859748638050149
923,-3071.771306750919393,910.561104807664378,-3180.407601371701276,108.636294620786884
923,-3070.577015766627483,922.348743432670972,-3180.619657941459081,110.042642174825957
923,-3069.382714547369233,929.455236407787652,-3180.273210930428377,110.890496383059727
923,-3068.188388854841833,917.443061227267208,-3177.645748905745222,109.457360050904271
923,-3066.994138994295554,928.872022304303641,-3177.815053864547735,110.820914870255763
923,-3065.799873998316343,935.271691147072488,-3177.384314024883679,111.584440026566384
923,-3064.605572246758129,915.669145580822260,-3173.851291780864358,109.245719534104495
923,-3063.411356986865485,914.648505952267897,-3172.535307090225615,109.123950103361139
923,-3062.217062301792794,927.787033966086938,-3172.908530491151851,110.691468189359483
923,-3061.022814518925315,949.126822315046297,-3174.260268388964960,113.237453870037655
923,-3059.828559649867657,958.642154755407773,-3174.201259087663402,114.372699437795703
923,-3058.634227625348558,958.765174127140767,-3173.021604132748053,114.387376507397121
923,-3057.440140093788159,944.622747899132492,-3170.140226452012485,112.700086358228134
923,-3056.245737012218797,947.057016348905449,-3169.236248585296380,112.990511573075594
923,-3055.051452008644446,967.187339793015212,-3170.443651658377348,115.392199649734593
923,-3053.857088098397981,946.040473824304286,-3166.726319053832867,112.869230955427625
923,-3052.662760411500130,967.219383414771755,-3168.058783088946711,115.396022677442801
923,-3051.468508880584977,964.069337718422048,-3166.488709122246746,115.020200241660746
1415,-5005.089327434145162,504.815686234307407,-5097.421579647579165,92.332252213428774
1415,-5003.258455303291157,510.019855092016485,-5096.542565085000206,93.284109781714179
1415,-5001.427586087406780,515.461238387045455,-5095.706940645548457,94.279354558147958
1415,-4999.596692919250017,514.947167251822520,-5093.782022376733039,94.185329457487597
1415,-4997.765816123155673,517.706256430468557,-5092.455790988603439,94.689974865443133
1415,-4995.934957161819511,527.449436993902964,-5092.406987992782888,96.472030830967213
1415,-4994.104087556674131,533.511236126798963,-5091.684839019083483,97.580751462413460
1415,-4992.273191157713882,533.675533219999920,-5089.883993034684863,97.610801876973099
1415,-4990.442293727282049,537.261519511048050,-5088.708982890819243,98.266689163536526
1415,-4988.611420542970336,540.736805329076333,-5087.513749555690083,98.902329012721154
1415,-4986.780556561194317,553.146358018934734,-5087.952628729807657,101.172072168610384
1415,-4984.949711081606438,561.152156187626701,-5087.586066939972625,102.636355858357206
1415,-4983.118785340712748,553.850261034812092,-5084.419603411182834,101.300818070467386
1415,-4981.287909506484539,555.685088230142696,-5082.924322789188409,101.636413282714059
1415,-4979.457020976405147,559.253363682650956,-5081.746082181977727,102.289061205574029
1415,-4977.626175342596980,572.224449292574946,-5082.287685702728595,104.661510360138351
1415,-4975.795280505631126,575.409577605661298,-5081.039360066281006,105.244079560651798
1415,-4973.964414404969830,577.288980032587119,-5079.552242116922571,105.587827711957942
1415,-4972.133533169518159,585.667748953191108,-5079.253862002784444,107.120328833280439
1415,-4970.302680937862533,591.865543453447913,-5078.556604349467307,108.253923411597796
1415,-4968.471764452908246,589.285045615353170,-5076.253707330384714,107.781942877473597
1415,-4966.640885572401203,590.872537267237703,-5074.713185274324132,108.072299701925076
1415,-4964.809985107681314,592.873878450266261,-5073.248335912842776,108.438350805160681
1415,-4962.979141507954409,608.694441398590016,-5074.311119132041313,111.331977624088296
1415,-4961.148276227369024,613.350354653007003,-5073.331833880788508,112.183557653420436
1415,-4959.317398169315311,613.298215436129340,-5071.491419408826005,112.174021239528756
1415,-4957.486534437111004,621.759318445032591,-5071.208115941352844,113.721581504245037
1415,-4955.655618112665252,620.126914678473099,-5069.078628236515215,113.423010123842161
1415,-4953.824713654562402,616.224622021837376,-5066.533983140769124,112.709269486203283
1415,-4951.993876801926490,633.788609597114714,-5067.915650524618286,115.921773722692464
1415,-4950.162985413250681,634.593267161317726,-5066.231933336723159,116.068947923473957
1415,-4948.332092207651840,635.590275645846646,-5064.583395872758047,116.251303665109404
1415,-4946.501225170188263,642.178865209845867,-5063.957600963479308,117.456375793298804
1415,-4944.670345907878072,649.593687466023539,-5063.482914183585308,118.812568275711911
1415,-4942.839474318421708,654.192978512532591,-5062.493266257520190,119.653791939099079
1415,-4941.008573368581892,646.029294104710971,-5059.169203767175532,118.160630398583990
1415,-4939.177679517540128,651.143164697557836,-5058.273651670044273,119.095972152497708
1415,-4937.346827906271756,663.213956125072059,-5058.650582797882635,121.303754891609373
1415,-4935.515975040816556,670.406554248549924,-5058.135276976864589,122.619301936038056
1415,-4933.685077567547523,673.853644832749410,-5056.934862362783861,123.249784795231463
1415,-4931.854193744375152,673.693529582389829,-5055.074692996224258,123.220499251849290
1415,-4930.023330378267019,673.602620163788856,-5053.227202033957838,123.203871655687479
1415,-4928.192434756819239,681.617243946525036,-5052.862204332640431,124.669769575824361
1415,-4926.361554906758101,683.529643317982391,-5051.381107870674896,125.019552963926856
1415,-4924.530694399129061,693.864199834921465,-5051.440467704575894,126.909773305441561
1415,-4922.699793871457587,694.687735452133438,-5049.760194228290857,127.060400356836169
1415,-4920.868921238700750,702.326592850535462,-5049.326490754820952,128.457569516124465
1415,-4919.038035433302866,701.660309709894932,-5047.373739831784405,128.335704398489099
1415,-4917.207163246764139,707.640181126490006,-5046.636603459916842,129.429440213157477
1415,-4915.376252373252100,700.964727774641801,-5043.584732819651435,128.208480446396948
1415,-4913.545399012421512,708.801064644303324,-5043.187168185789233,129.641769173370392
1415,-4911.714538690728659,714.811920921845967,-5042.455710899654150,130.741172208915259
1415,-4909.883645521432300,714.443874195774470,-5040.557500917375364,130.673855395938489
1415,-4908.052743576348803,719.993962407589152,-5039.741726193081377,131.688982616731977
1415,-4906.221878454720354,722.529940765831611,-5038.374698863669437,132.152820408952522
1415,-4904.390987439587661,721.587819677213133,-5036.371491170710215,131.980503731119200
1415,-4902.560142425999402,739.831996928336821,-5037.877559056836617,135.317416630841279
1415,-4900.729247629888050,729.122707735893187,-5034.087904226717001,133.358656596819003
1415,-4898.898356331185823,733.340242355646865,-5033.028412234415555,134.130055903236922
1415,-4897.067460289030350,740.248916256596999,-5032.461132673443899,135.393672384414657
1415,-4895.236618333326987,745.470261220229645,-5031.585289845587795,136.348671512258051
1415,-4893.405739608499061,748.379248634589658,-5030.286473350503002,136.880733742003684
1415,-4891.574897919584146,768.063546793617775,-5032.055946849537577,140.481048929951697
1415,-4889.743971502453860,751.172009915104354,-5027.135509377444578,137.391537874989382
1415,-4887.913096554955700,757.942495060300303,-5026.542975787156138,138.629879232201688
1415,-4886.082202850092472,757.971135283554872,-5024.717320462136740,138.635117612048418
1415,-4884.251333264512141,767.195605512163297,-5024.573633218373288,140.322299953858050
1415,-4882.420459378294254,769.715019773947233,-5023.203567503122031,140.783108124824963
1415,-4880.589564077462455,767.669390914012183,-5020.998520754586934,140.408956677116834
1415,-4878.758699870030796,775.052109784185291,-5020.517977227203119,141.759277357178007
1415,-4876.927793415521592,771.417906769268257,-5018.022364507592101,141.094571092063518
1415,-4875.096928724290592,783.861988536976355,-5018.467558440662287,143.370629716373685
1415,-4873.266068986364189,785.358851103192933,-5016.910479204724652,143.644410218369558
1415,-4871.435166091426254,783.105037488955873,-5014.667347267099103,143.232181175678335
1415,-4869.604306134130638,785.247949528118397,-5013.228432132971648,143.624125998841691
1415,-4867.773396892154778,785.617335571161789,-5011.465084668936470,143.691687776774756
1415,-4865.942485601821318,781.802580443766260,-5008.936443608791706,142.993958006959957
1415,-4864.111628480128275,784.239469402588156,-5007.551300540944794,143.439672060816889
1415,-4862.280809687205874,805.046729901802223,-5009.526190002872681,147.245380315675362
1415,-4860.449867283102321,803.479457458932302,-5007.408588926261473,146.958721643157503
1415,-4858.618985789175895,804.451680933048920,-5005.755529923727408,147.136544134549411
1415,-4856.788092118304121,796.241831440266196,-5002.423030984480647,145.634938866185763
1415,-4854.957212227849595,796.407188531613656,-5000.622395385319578,145.665183157478253
1415,-4853.126362000701192,809.161956466480547,-5001.124429182983476,147.998067182281403
1415,-4851.295466214048247,809.330120168019107,-4999.324291024749982,148.028824810712877
1415,-4849.464546865900047,803.757509750877261,-4996.474125079192163,147.009578213284897
1415,-4847.633729318151381,822.294708472056755,-4998.033814907354099,150.400085589198341
1415,-4845.802823694361905,813.342778300362284,-4994.565575308111875,148.762751613751391
1415,-4843.971952263072126,815.007822131577768,-4993.039245219650184,149.067292956587465
1415,-4842.141094862403406,835.859500069843421,-4995.022220152201044,152.881125289791754
1415,-4840.310180510494320,820.301746640632018,-4990.345747604147618,150.035567093659012
1415,-4838.479288126648498,812.212009916753232,-4987.035218925523623,148.555930798873334
1415,-4836.648447853979633,834.298304283146649,-4989.244025909287302,152.595578055300649
1415,-4834.817549396447248,829.860896214040167,-4986.601512654152430,151.783963257695717
1415,-4832.986642944229970,824.338331714298874,-4983.760513147845813,150.773870203617804
1415,-4831.155767317301979,822.491389973361834,-4981.591826523173950,150.436059205865917
1415,-4829.324881647787151,816.865885053956049,-4978.732019698449221,149.407138050659682
1415,-4827.493989541556402,830.723462463794135,-4979.435718666473804,151.941729124912371
1415,-4825.663154413459779,826.960213872184909,-4976.916574463245524,151.253420049783841
1415,-4823.832237998605706,812.700583249657598,-4972.477530276196376,148.645292277584332
1415,-4822.001348261311250,826.820896436038538,-4973.229286748221057,151.227938486902843
1415,-4820.170477170603590,832.870882975621271,-4972.504975731397280,152.334498560793634
1415,-4818.339571210181930,825.768658998247588,-4969.375052419822168,151.035481209635861
1415,-4816.508724575779524,822.576932446141996,-4966.960429747854505,150.451705172080864
1415,-4814.677849849879749,845.088637650857549,-4969.247011153765015,154.569161303884414
1415,-4812.846924370472152,820.618233620737783,-4962.940377850130062,150.093453479653164
1415,-4811.016032455726418,817.025079111835907,-4960.452287560993682,149.436255105267691
1415,-4809.185171270342835,832.044396562182442,-4961.368503070551014,152.183331800216280
1415,-4807.354253055607842,822.055220951866886,-4957.710535683210765,150.356282627604458
1415,-4805.523399991317092,833.435982286937133,-4957.961256854087878,152.437856862765614
1415,-4803.692551445914432,832.790178851861810,-4956.012288988550608,152.319737542638336
1415,-4801.861653188308992,824.247441759225921,-4952.618899355699796,150.757246167391742
1415,-4800.030740381424948,823.854320064741387,-4950.716083451436134,150.685343070012976
1415,-4798.199867058201562,827.241736760768617,-4949.504778460304806,151.304911402096280
1415,-4796.368984177244783,821.436635700251486,-4946.612125769357590,150.243141592123351
1415,-4794.538127292520585,833.122356016430103,-4946.918621001371321,152.380493708848689
1415,-4792.707291342057943,837.823481895403688,-4945.947634600313904,153.240343258260310
1415,-4790.876383339050335,819.125090813649763,-4940.696736671439794,149.820353332383547
1415,-4789.045480043026146,822.053417443704006,-4939.401432803758325,150.355952760733999
1415,-4787.214618384668029,823.394199591978349,-4937.815804086560092,150.601185701892064
1415,-4785.383721676314963,831.868676660771825,-4937.534913797247100,152.151192120926709
1415,-4783.552802383099333,816.093755482875622,-4932.818715697207153,149.265913314101965
1415,-4781.722004168828789,822.820766146153915,-4932.218307231386461,150.496303062561822
1415,-4779.891032548705880,816.672261317045013,-4929.262756256681314,149.371723707962929
1415,-4778.060175084651746,826.012980091712507,-4929.140343330446740,151.080168245791469
1415,-4776.229329021129161,823.760024472108284,-4926.897425153943004,150.668096132805516
1415,-4774.398378503140520,824.291318108872588,-4925.163649782057291,150.765271278916771
1415,-4772.567486627151084,827.931358946427622,-4923.998531925865791,151.431045298712831
1415,-4770.736610538810964,827.791131432548809,-4922.142007818788443,151.405397279977223
1415,-4768.905817683079476,825.410293289172728,-4919.875752765802645,150.969935082728085
1415,-4767.074957223199817,832.788322362880649,-4919.394355208616616,152.319397985422910
1415,-4765.244005002337872,836.744838236889109,-4918.287061209021886,153.043056206684639
1415,-4763.413246979644100,851.306956162961569,-4919.119756763116129,155.706509783457250
1415,-4761.582267004087953,833.621530308136926,-4914.054061137749159,152.471794133651855
1415,-4759.751353330514576,846.109482798517320,-4914.507230170820549,154.755876840296935
1415,-4757.920476263252567,852.729091095385797,-4913.887098647885978,155.966622384635656
1415,-4756.089672837847502,858.813738536490746,-4913.169194875732501,157.079522037879144
1415,-4754.258747751529881,850.765512342520992,-4909.866225890861642,155.607478139331079
1415,-4752.427863710505335,859.920323989936151,-4909.709783435251666,157.281919724736895
1415,-4750.596993919627494,864.040647619621836,-4908.632532778940913,158.035538859305802
1415,-4748.766129469946463,874.734293182948363,-4908.757567098163236,159.991437628220098
1415,-4746.935187462892827,874.873243199876242,-4906.952039451954988,160.016851989060569
1415,-4745.104281440331761,871.050836362193081,-4904.422004139601995,159.317722699256279
1415,-4743.273414823188432,892.326582110077538,-4906.482533087196316,163.209118263994128
1415,-4741.442643264682374,902.246491018804250,-4906.466141620799135,165.023498356116875
1415,-4739.611719981882743,883.037720050717212,-4901.121878451579505,161.510158469700599
1415,-4737.780779578279180,885.446046370463591,-4899.731427912356594,161.950648334082672
1415,-4735.950020975469670,898.919329916686706,-4900.364971922279437,164.414950946809881
1415,-4734.119083768282508,907.893660186989791,-4900.175465733497731,166.056381965218577
1415,-4732.288133912457852,905.646156283901291,-4897.933440899438210,165.645306986985389
1415,-4730.457296172889073,908.145680949053826,-4896.559773465962280,166.102477293078920
1415,-4728.626441447097022,909.090720195532413,-4894.901769157537274,166.275327710442667
1415,-4726.795571346528959,918.192231291118446,-4894.735591816965098,167.940020470427129
1415,-4724.964663346748239,926.496881382510992,-4894.423628389810801,169.458965043054661
1415,-4723.133783408278759,911.175639205320635,-4889.790448848720189,166.656665440441117
1415,-4721.302880266333887,922.529695957439117,-4890.036235596313418,168.733355329977684
1415,-4719.472091546952470,922.124141700386076,-4888.131269827820688,168.659178280869412
1415,-4717.641193661214857,918.741006662233417,-4885.681586737640828,168.040393076422134
1415,-4715.810215574260837,947.135692781531816,-4889.044079043496822,173.233863469240248
1415,-4713.979419532344764,935.180466132756010,-4885.026637395460057,171.047217863122768
1415,-4712.148473868997826,932.844537004077097,-4882.768443523826136,170.619969654829532
1415,-4710.317607854700327,924.324231870281096,-4879.379189004583168,169.061581149873291
1415,-4708.486609204246633,921.527829509759044,-4877.036720257045999,168.550111052801242
1415,-4706.655867747873344,949.786613309336758,-4880.374592265317006,173.718724517431752
1415,-4704.825056065540593,941.223406530127932,-4876.977545242719316,172.152489177179945
1415,-4702.994050999635874,944.029512032089997,-4875.659785006583661,172.665734006946195
1415,-4701.163224346382776,967.902270689798343,-4878.195355106683564,177.032130760297036
1415,-4699.332358808859681,980.166481746020622,-4878.607649318989388,179.275290510122971
2057,-7301.644858253956954,499.144952476613923,-7434.361420433351668,132.716562179397556
2057,-7298.983292473235451,504.185782886420611,-7433.040150050197553,134.056857576955821
2057,-7296.321752757683498,512.010732361442365,-7432.459169074942110,136.137416317256623
2057,-7293.660174844634639,517.440344129535106,-7431.241258786399158,137.581083941770828
2057,-7290.998598386264348,516.675296091875794,-7428.376265374793547,137.377666988526244
2057,-7288.337066517062340,525.776378704782019,-7428.134600501146451,139.797533984080189
2057,-7285.675501311474363,532.143265516045631,-7427.165912935977758,141.490411624500638
2057,-7283.013909379151301,534.801091107276193,-7425.211004450195105,142.197095071042895
2057,-7280.352333242315581,535.263906325247717,-7422.672485241713730,142.320151999393772
2057,-7277.690793457640211,541.600861716357940,-7421.695864697463549,144.005071239826009
2057,-7275.029239981223327,549.017265855829578,-7421.006242733596082,145.977002752385573
2057,-7272.367640878770544,547.812308198870710,-7418.024260069199045,145.656619190436459
2057,-7269.706083165795462,553.451980378013559,-7416.862222485039638,147.156139319250542
2057,-7267.044529766450978,565.100289954312871,-7417.297812699985116,150.253282933539765
2057,-7264.382949795662171,565.648414228596380,-7414.781972296373169,150.399022500712277
2057,-7261.721379703111779,563.736612527046418,-7411.612077421328650,149.890697718222327
2057,-7259.059818016145982,577.208627375264200,-7412.532560363723860,153.472742347571170
2057,-7256.398250605689100,574.773602886223102,-7409.223549605593689,152.825298999892539
2057,-7253.736678299744199,580.963815531460455,-7408.207879431583024,154.471201131846158
2057,-7251.075121296849829,588.608791881209186,-7407.579028507464500,156.503907210606059
2057,-7248.413545107076061,592.901375666935792,-7406.058798053179089,157.645252946112265
2057,-7245.751965480272702,589.720782465564639,-7402.551537440755965,156.799571960493523
2057,-7243.090407645597224,597.912048733440315,-7402.067937519073894,158.977529873469564
2057,-7240.428848487520554,599.185531904291111,-7399.744982022296426,159.316133534771296
2057,-7237.767320899408332,611.401249337125705,-7400.331464885241076,162.564143985836409
2057,-7235.105748648474218,614.016066551440190,-7398.365140677355157,163.259392028894212
2057,-7232.444152304392446,613.775592561167628,-7395.639605228769142,163.195452924383062
2057,-7229.782566973042776,618.082092179503775,-7394.123065683304048,164.340498710254735
2057,-7227.121021536037915,623.073073924376786,-7392.788561491109249,165.667539955073664
2057,-7224.459470329626129,634.829571335300443,-7393.252919726245636,168.793449396624226
2057,-7221.797909604718370,631.388332502679305,-7389.676375517610722,167.878465912893745
2057,-7219.136338647486809,639.384686625220183,-7389.140937708370984,170.004599060883720
2057,-7216.474748791948514,638.529494780916025,-7386.251962759557500,169.777213967601710
2057,-7213.813185805627654,642.737427470427747,-7384.709237813499385,170.896052007861158
2057,-7211.151634624462531,654.529297347299917,-7385.183001181665531,174.031366557193110
2057,-7208.490074626870410,651.643352293652697,-7381.754103551486878,173.264028924590690
2057,-7205.828504007842639,658.077392171906467,-7380.803265755296707,174.974761747451566
2057,-7203.166935381930671,664.194780515379421,-7379.768236166662973,176.601300784726590
2057,-7200.505352028292691,657.720165193278490,-7375.385131473925867,174.879779445645141
2057,-7197.843815267912760,673.618576146100622,-7376.950788508283949,179.106973240363118
2057,-7195.182230332097788,667.541124890174956,-7372.673283320228620,177.491052988145071
2057,-7192.520638500658606,670.550690880922161,-7370.811898422604827,178.291259921947017
2057,-7189.859086669092903,680.110161825077057,-7370.692093459685566,180.833006790601246
2057,-7187.197531949434051,684.369923986694175,-7369.163157605525157,181.965625656096250
2057,-7184.535938924702350,683.711637576999465,-7366.326534243828974,181.790595319135889
2057,-7181.874377860879576,686.678889210977559,-7364.453929241823971,182.579551380955110
2057,-7179.212856441849908,703.474340946779307,-7366.258113833785501,187.045257391935763
2057,-7176.551224257259491,698.392092733133381,-7362.245173762151353,185.693949504896580
2057,-7173.889689800587803,702.743960111234287,-7360.740747825995641,186.851058025410509
2057,-7171.228131572946950,703.585525642047401,-7358.302951620882595,187.074820047933429
2057,-7168.566556505536937,710.252667865212175,-7357.414088450153031,188.847531944606345
2057,-7165.905007352715074,715.023576859262903,-7356.021065878666377,190.116058525951928
2057,-7163.243405497151798,714.219631288813275,-7353.145704689746708,189.902299192596161
2057,-7160.581826156886564,713.898365613480792,-7350.398704720127171,189.816878563248110
2057,-7157.920311745906474,721.779327702438309,-7349.832642121137724,191.912330375237872
2057,-7155.258702704393727,722.651586245208478,-7347.402956000122686,192.144253295731090
2057,-7152.597132740844245,724.264208943402309,-7345.170162766740759,192.573030025887391
2057,-7149.935598870306421,736.554394584392526,-7345.776439536620273,195.840840666315501
2057,-7147.274014548033847,733.369886418523379,-7342.268133287357159,194.994118739328968
2057,-7144.612437509393203,741.469071628888742,-7341.760030930275207,197.147593420862620
2057,-7141.950867708394981,740.004012157598822,-7338.708919663488814,196.758051955095425
2057,-7139.289331869324997,743.191210922172559,-7336.894821148822302,197.605489279499807
2057,-7136.627725686728809,744.202339625058812,-7334.502061770564069,197.874336083824687
2057,-7133.966192533589492,757.110257350248617,-7335.272586693697122,201.306394160104219
2057,-7131.304601250748419,752.763060276300166,-7331.455128667318604,200.150527416570100
2057,-7128.643043574608782,754.468113606572388,-7329.246923900389447,200.603880325787088
2057,-7125.981499287702718,771.920747603286372,-7331.225822381735270,205.244323094018171
2057,-7123.319921319620335,757.100853050599994,-7324.623814991007748,201.303893671392558
2057,-7120.658343113183946,772.911012619034523,-7326.165965611298816,205.507622498098186
2057,-7117.996734927410216,764.982535063656655,-7321.396271829835314,203.399536902430157
2057,-7115.335209776210831,770.712510417247017,-7320.258277321445348,204.923067545238382
2057,-7112.673631450767971,778.328245141319940,-7319.621630082730007,206.947998631958654
2057,-7110.012056452890647,775.535564613408155,-7316.217515353471754,206.205458900581675
2057,-7107.350485683245097,775.043533021592339,-7313.425119377593546,206.074633694346261
2057,-7104.688929455625839,785.080756043236988,-7313.432338475956385,208.743409020333161
2057,-7102.027363732274353,787.324764710650584,-7311.367427320315983,209.340063588033928
2057,-7099.365800281457268,792.023107067142860,-7309.955095865939256,210.589295584474172
2057,-7096.704250061203311,807.509847182976955,-7311.411281179912294,214.707031118694431
2057,-7094.042665598954045,805.929179927754944,-7308.329416550487622,214.286750951536504
2057,-7091.381088929348152,797.508281188639216,-7303.428825491236239,212.047736561886353
2057,-7088.719536291534496,805.114167825951768,-7302.789585453851032,214.070049162308266
2057,-7086.057996848983748,817.987551137661853,-7303.550921807727718,217.492924958748830
2057,-7083.396385209515756,812.654613799067647,-7299.471347096841782,216.074961887331426
2057,-7080.734828918567473,816.658836076922626,-7297.874464729344254,217.139635810772404
2057,-7078.073266847115519,809.990161943742009,-7293.439783444995555,215.366516597887625
2057,-7075.411664079359980,811.955225181441051,-7291.300667053364123,215.889002973997293
2057,-7072.750096187724012,815.658209168808071,-7289.623677493473224,216.873581305743130
2057,-7070.088524027921267,815.126898231531300,-7286.820836227973814,216.732312200057891
2057,-7067.426933845447820,815.370791455029917,-7284.224094282473743,216.797160437029447
2057,-7064.765369136625850,820.935570241182063,-7283.042136461631344,218.276767325013765
2057,-7062.103873326636858,839.126486738371341,-7285.217383742871789,223.113510416215831
2057,-7059.442226711475996,825.317548464975516,-7278.884108664075939,219.441881952581497
2057,-7056.780666077534988,823.013030339486932,-7275.609804734645877,218.829138657117170
2057,-7054.119124877307513,824.409116206511840,-7273.319465759056584,219.200340881759985
2057,-7051.457538415081217,833.984577283061753,-7273.203877746901526,221.746339331823066
2057,-7048.795970859909175,842.523067084560921,-7272.812590612360509,224.016619752442523
2057,-7046.134435406474040,840.057543332196815,-7269.495502428667351,223.361067022195272
2057,-7043.472805962843267,830.043619307311928,-7264.171292578467728,220.698486615613490
2057,-7040.811224629967910,826.498645804394755,-7260.567145976736356,219.755921346767764
2057,-7038.149690916113286,851.116781755598140,-7264.451274709231257,226.301583793112712
2057,-7035.488130662258300,839.631042650050290,-7258.735796348785698,223.247665686529388
2057,-7032.826496319584294,828.520782991708870,-7253.120079310383517,220.293582990792487
2057,-7030.165015580205363,855.109676024261148,-7257.528261317109354,227.363245736909050
2057,-7027.503372815416697,828.689874124560674,-7247.841915078542115,220.338542263115528
2057,-7024.841856630237089,849.415121092029949,-7250.690989582879411,225.849132952641781
2057,-7022.180238765092327,839.639357983748596,-7245.430115397562986,223.249876632460683
2057,-7019.518633534263245,831.799528126962969,-7240.683994914181312,221.165361379924718
2057,-7016.857116466037951,843.788814804112121,-7241.210283117522522,224.353166651478887
2057,-7014.195491262223186,826.137558597342036,-7233.855403919485070,219.659912657248810
2057,-7011.533938997817131,839.707965332470962,-7234.802057488514038,223.268118490697248
2057,-7008.872415648005699,846.669228520687739,-7233.991449216950059,225.119033568937027
2057,-7006.210796489912354,829.886875094766538,-7226.867606728902501,220.656810238986822
2057,-7003.549233588975767,833.492483084682362,-7225.164731068240144,221.615497479265088
2057,-7000.887634187580261,821.155224854855419,-7219.222804998480569,218.335170810912956
2057,-6998.226093978361860,842.984407607363210,-7222.365378555665302,224.139284577312964
2057,-6995.564483899112929,824.741822086053617,-7214.853287221158098,219.288803322039854
2057,-6992.902943768556725,836.355128400853346,-7215.279583764067866,222.376639995513642
2057,-6990.241367179709414,832.486473386236298,-7211.589378935579589,221.348011755860057
2057,-6987.579804251820860,843.488565797235538,-7211.853138350061272,224.273334098243737
2057,-6984.918212599955950,832.507681674333526,-7206.271863381241928,221.353650781301553
2057,-6982.256614936107326,827.578397819055226,-7202.299629189798907,220.043014253709401
2057,-6979.595051703535319,836.881904497347364,-7202.111755045822065,222.516703342279044
2057,-6976.933529654482300,844.165180320013405,-7201.386767311688345,224.453237657196155
2057,-6974.271925179853497,847.842431030344983,-7199.702899003919811,225.430973824065973
2057,-6971.610350094232672,840.294793808221812,-7195.034499127776144,223.424149033536992
2057,-6968.948769329034803,835.245722979099469,-7191.030431937900175,222.081662608869635
2057,-6966.287197227765319,838.637161263488451,-7189.270601961247849,222.983404733505466
2057,-6963.625658233318973,847.823548081631543,-7189.051611311359920,225.425953078039129
2057,-6960.964069236128125,853.302291679777113,-7187.846753493753567,226.882684257629961
2057,-6958.302539758924468,852.145192954533741,-7184.877565561519077,226.575025802597281
2057,-6955.640958754180247,856.164366301375821,-7183.284633787321582,227.643675033145342
2057,-6952.979390867108123,859.034923402603226,-7181.386312063770674,228.406921196658089
2057,-6950.317748082626167,833.014929390398606,-7171.806269852223522,221.488521769609179
2057,-6947.656200223775159,857.621473356310389,-7175.687302272056513,228.031102048281042
2057,-6944.994693229084987,860.780660986364637,-7173.865784782329683,228.871091553253763
2057,-6942.333076556353262,836.507538172292925,-7164.750240453407969,222.417163897052859
2057,-6939.671528468964425,865.128855017881506,-7169.698751844625804,230.027223375661180
2057,-6937.010012164673753,866.896301629614868,-7167.507178063005085,230.497165898331559
2057,-6934.348371051189133,858.066753776583710,-7162.497867738717105,228.149496687536356
2057,-6931.686855296340582,876.738314114804552,-7164.800892417098112,233.114037120768472
2057,-6929.025315843456156,855.376756208912298,-7156.459574947831243,227.434259104383386
2057,-6926.363736332310509,857.658248406924372,-7154.404616418561091,228.040880086238559
2057,-6923.702261753215680,860.422778901780930,-7152.478196819970435,228.775935066754840
2057,-6921.040513593903597,865.873166534764096,-7151.265640334555428,230.225126740646829
2057,-6918.379025760390505,870.960561994132945,-7149.956828978006342,231.577803217619703
2057,-6915.717416198212049,882.759269684147966,-7150.432352056373929,234.714935858165148
2057,-6913.055841207349658,875.677827293402174,-7145.887907801381516,232.832066594021143
2057,-6910.394370951478777,879.766722558576475,-7144.313624984772105,233.919254033286961
2057,-6907.732742683836477,885.030807822968200,-7143.051652860774993,235.318910176944058
2057,-6905.071151584254949,889.567993594170844,-7141.596444184860957,236.525292600597595
2057,-6902.409632085210433,908.799500668305086,-7144.048348134728258,241.638716049526039
2057,-6899.747987464333164,886.794841122586377,-7135.535932605816924,235.787945141504451
2057,-6897.086562470784884,897.501531472071065,-7135.721286145166232,238.634723674378392
2057,-6894.424889466248715,911.831290081215229,-7136.869721386797210,242.444831920550428
2057,-6891.763307178886862,915.382269645906376,-7135.152301306950903,243.388994128055202
2057,-6889.101716981181198,906.259743450358201,-7130.065142526276759,240.963425545105650
2057,-6886.440149640091477,920.041075410138546,-7131.067863466353629,244.627713826256382
2057,-6883.778639531016779,912.027023387582290,-7126.275514553248286,242.496875022251061
2057,-6881.117003156226929,922.911808678951274,-7126.508009986807338,245.391006830583905
2057,-6878.455522737364845,929.917468767572018,-7125.709249241158432,247.253726503789323
2057,-6875.793927154895755,945.638638617433912,-7127.227721203308647,251.433794048416104
2057,-6873.132384543228000,930.041984502448713,-7120.419218264039046,247.286833720816389
2057,-6870.470706591452654,932.181967812904190,-7118.326535804816558,247.855829213360039
2057,-6867.809125917608981,935.529084140571626,-7116.554912587244871,248.745786669642797
2057,-6865.147549269655428,933.307530969118943,-7113.302652014407613,248.155102744760910
2057,-6862.486199329327974,949.784487110301598,-7115.022323986435367,252.536124657110122
2057,-6859.824618892989747,958.608716329911772,-7114.706998601052874,254.882379708070260
2057,-6857.163109844935207,947.583681140282238,-7109.114067005282777,251.950957160342938
2057,-6854.501522152945654,970.627938559191875,-7112.579666631190776,258.078144478254615
2057,-6851.840067813210226,977.622697945771165,-7111.778033600773597,259.937965787581732
2057,-6849.178298797934985,959.402474498758124,-7104.271729133382905,255.093430335445134
2057,-6846.516623004619760,975.345403467338542,-7105.849083932837857,259.332460928225487
2057,-6843.855031711192169,963.003063085639724,-7099.905814688801001,256.050782977603319
2057,-6841.193473000020276,972.658743162986411,-7099.811583682766468,258.618110682734482
2057,-6838.531902529984109,986.597917015634266,-7100.856269730308668,262.324367200335587
2057,-6835.870377929491951,992.119372825670894,-7099.662832966235328,263.792455036740023
2057,-6833.208749875767353,982.589132088992415,-7094.467229999938354,261.258480124165089
2057,-6830.547164443551992,990.099808845714620,-7093.802642020757048,263.255477577204147
2057,-6827.885577905734863,993.528563678873297,-7092.052719623287885,264.167141717560128
2057,-6825.224055007832249,999.853975859327647,-7091.073046766731750,265.848991758900809
2057,-6822.562545614385272,1008.920945956665037,-7090.822334266511461,268.259788652130908
2869,-10210.252560610200817,509.225401010158294,-10399.097240781857181,188.844680171654943
2869,-10206.540332510285225,510.353464154396022,-10395.803351443619249,189.263018933359518
2869,-10202.828057533488391,505.919836345043393,-10390.446879174289279,187.618821640772296
2869,-10199.115910168538903,521.597375431794262,-10392.548699158227464,193.432788989696888
2869,-10195.403654646815994,521.798287437799445,-10388.910951238520283,193.507296591716226
2869,-10191.691407905584128,518.142565006417385,-10383.842991031344354,192.151583125771623
2869,-10187.979259286439628,536.505141610541614,-10386.940547699990930,198.961288413556417
2869,-10184.267015279187035,535.295291024184962,-10382.779634308644745,198.512619029463139
2869,-10180.554791269329144,537.250030406663655,-10379.792319411291828,199.237528141951941
2869,-10176.842624090373647,547.693678826631754,-10379.953147259235266,203.110523168872390
2869,-10173.130349021086658,546.451094542401961,-10375.780063614256505,202.649714593188605
2869,-10169.418131355467267,551.342010518650113,-10373.881627157217736,204.463495801763230
2869,-10165.705968706068234,562.849716842622570,-10374.437062149158010,208.731093443100377
2869,-10161.993711254139271,555.686815229232025,-10368.068464574396785,206.074753320242024
2869,-10158.281491992105657,565.921300081205345,-10368.151672670785047,209.870180678654151
2869,-10154.569289457596824,571.865371193074679,-10366.643810700987160,212.074521243386755
2869,-10150.857075212030395,575.139186145318376,-10364.145680702540631,213.288605490502277
2869,-10147.144850656250128,580.460971045685028,-10362.407023776051574,215.262173119804402
2869,-10143.432635306480734,581.499394888560118,-10359.079904727634130,215.647269421169938
2869,-10139.720407330822127,585.358619012184135,-10356.798858197164009,217.078450866342990
2869,-10136.008169396433004,590.054916218675089,-10354.828227696742033,218.820058300283563
2869,-10132.296009639218028,600.520013247524162,-10354.997017117326322,222.701007478109062
2869,-10128.583750693147522,600.191183204633830,-10351.162812557071447,222.579061863932708
2869,-10124.871539536174168,604.357429202294156,-10348.995640966828432,224.124101430663558
2869,-10121.159309124086576,609.139675577142725,-10347.056891974496466,225.897582850420889
2869,-10117.447077860593708,613.261652606794087,-10344.873283266546423,227.426205405963856
2869,-10113.734879898824147,617.422001122857978,-10342.703937808513729,228.969057909707686
2869,-10110.022654503436570,620.599289694646018,-10340.170000147734754,230.147345644298781
2869,-10106.310429163992012,625.788890227020943,-10338.382322269591896,232.071893105620887
2869,-10102.598223381710341,632.751535884902182,-10337.252192302503317,234.653968920776862
2869,-10098.886026573751224,634.422405213977754,-10334.159632267228517,235.273605693474792
2869,-10095.173795985387187,640.247663315116370,-10332.607680802504547,237.433884817109572
2869,-10091.461584148813927,640.707438818398828,-10329.065975302984953,237.604391154177534
2869,-10087.749368703398432,645.156433133193786,-10327.003655771659396,239.254287068238483
2869,-10084.037118352540347,648.474575882778709,-10324.521928495765678,240.484810143219931
2869,-10080.324924897151504,654.265632217325447,-10322.957330543611533,242.632405646475434
2869,-10076.612724511633132,657.601899803236051,-10320.482374773126139,243.869650261490648
2869,-10072.900519380638798,660.983118535450444,-10318.024084252054308,245.123564871423042
2869,-10069.188321079278467,674.915940682771293,-10319.478830366808324,250.290509287550037
2869,-10065.476026162417838,666.172372908160355,-10312.524010122901018,247.047983960494463
2869,-10061.763849581300747,677.823347494415316,-10313.132561779380922,251.368712198058461
2869,-10058.051618481262267,685.387663157706129,-10312.225533973025449,254.173915491762756
2869,-10054.339380573459493,684.902272935783799,-10308.333290588232558,253.993910014746888
2869,-10050.627205798866271,688.337954735183644,-10305.895227885181157,255.268022086320485
2869,-10046.914938986439665,687.779557849646267,-10301.975881298169043,255.060942311727729
2869,-10043.202776686437574,694.499153665970425,-10300.755660524067935,257.552883837620016
2869,-10039.490530206983749,699.018299385546925,-10298.719325392248720,259.228795185267131
2869,-10035.778295083813646,697.032339537938924,-10294.270603142713298,258.492308058914773
2869,-10032.066138046100605,712.391123225507044,-10296.254203990532915,264.188065944423158
2869,-10028.353835879837789,702.574998560843028,-10288.901622059840520,260.547786180007165
2869,-10024.641687208717485,716.206783110025754,-10290.244778933672933,265.603091724963747
2869,-10020.929485788121383,718.396977993641372,-10287.344804576950992,266.415318788832735
2869,-10017.217177570104468,715.567574220384245,-10282.583220636284750,265.366043066181476
2869,-10013.505004742162782,725.615826377278836,-10282.597411342210762,269.092406600067989
2869,-10009.792781875581568,723.376807017202054,-10278.054855004233104,268.262073128655459
2869,-10006.080568495519401,731.046187666771857,-10277.186807946229237,271.106239450700286
2869,-10002.368315673948018,731.544470447634239,-10273.659341767650403,271.291026093708467
2869,-9998.656141095338171,735.916837231559839,-10271.568646017994979,272.912504922662265
2869,-9994.943897697314242,742.646352345709261,-10270.352022687060526,275.408124989769760
2869,-9991.231697506811543,746.976368756638749,-10268.245595819442315,277.013898312620540
2869,-9987.519451998190561,744.133874884023953,-10263.479220164912476,275.959768166718902
2869,-9983.807292380579383,759.691161678152298,-10265.536432701845115,281.729140321265504
2869,-9980.095006817928152,756.768894890410024,-10260.740433452068828,280.645426634138630
2869,-9976.382799907705703,761.268780137495469,-10258.696995202262769,282.314195294556555
2869,-9972.670635834650966,769.907031638513672,-10258.188300238783995,285.517664404142238
2869,-9968.958404929506287,771.544169163029778,-10255.083196769934148,286.124791840442469
2869,-9965.246167049546784,772.317229618879651,-10251.657645992092512,286.411478942556187
2869,-9961.533974785257669,780.896990713373270,-10251.127231849302916,289.593257064042120
2869,-9957.821748599875718,781.659039468610217,-10247.697609110568010,289.875860510712414
2869,-9954.109496457407658,785.028207066330083,-10245.234802451746873,291.125305994332564
2869,-9950.397284689192020,789.343865827750619,-10243.123039516036442,292.725754826840102
2869,-9946.685042793495086,788.390001623512717,-10239.057060001965510,292.372017208451780
2869,-9942.972823382471688,785.657500315910283,-10234.331500850854354,291.358677468369251
2869,-9939.260675744133550,799.081508461230783,-10235.597605514523821,296.336929770387655
2869,-9935.548375083062638,789.763534342292814,-10228.429762693054727,292.881387609984699
2869,-9931.836196088615907,800.378157948692888,-10228.653984349703023,296.817788261084957
2869,-9928.123922869124726,797.499039468826936,-10223.873998860888605,295.750075991767403
2869,-9924.411748974647708,811.037294364635727,-10225.182445325901426,300.770696351257641
2869,-9920.699545613773807,809.109459729267201,-10220.755310395583365,300.055764781823370
2869,-9916.987284380729761,802.090107568917801,-10214.439943914660034,297.452659533924418
2869,-9913.275099944614340,812.116968420658168,-10214.446190112437762,301.171090167816999
2869,-9909.562876616295398,822.766221882800323,-10214.683209811135384,305.120333194845102
2869,-9905.850629258286062,822.588351898264591,-10210.904999914208020,305.054370655908144
2869,-9902.138429869097308,824.749483584078121,-10207.994249590981781,305.855819721894818
2869,-9898.426196598251408,824.484883661389404,-10204.183890249309115,305.757693651053614
2869,-9894.713977670298846,813.724659745838835,-10196.481275241596450,301.767297571289021
2869,-9891.001772323719706,829.152713668256752,-10198.490516434929305,307.488744111211247
2869,-9887.289447080162063,815.042248703768678,-10189.545368480632533,302.255921400470356
2869,-9883.577264719546292,824.446564467836424,-10189.320747815039795,305.743483095498902
2869,-9879.865081647158149,827.429343495885519,-10186.714719208759561,306.849637561591123
2869,-9876.152816460424219,826.439369431958312,-10182.635325172774174,306.482508712342792
2869,-9872.440635093897072,832.761678224446086,-10181.267752656242010,308.827117562362901
2869,-9868.728401786844188,833.002993990239929,-10177.645010561775052,308.916608774940642
2869,-9865.016189969226616,833.696863928812490,-10174.190118285527205,309.173928316288936
2869,-9861.303987089251677,842.295661615805329,-10173.666753189041629,312.362766099791713
2869,-9857.591759969085615,841.001347017060993,-10169.474533464523120,311.882773495423578
2869,-9853.879554304641715,843.292116165685798,-10166.611852522055415,312.732298217405628
2869,-9850.167307557065214,844.082214946263321,-10163.192611487123941,313.025303930055372
2869,-9846.455087844567970,850.475299301361019,-10161.851247525246436,315.396159680679489
2869,-9842.742788880856097,834.942966146007734,-10152.378830387497146,309.636041506637412
2869,-9839.030636597599369,854.014573794016883,-10155.739325382857714,316.708688785235495
2869,-9835.318409310979405,854.399245741778373,-10152.169752509753380,316.851343198786140
2869,-9831.606149620489305,849.862119788141513,-10146.774913556928368,315.168763936413995
2869,-9827.893978099169544,851.302559727929975,-10143.596924775079970,315.702946675916166
2869,-9824.181702571244386,852.126230271147165,-10140.190104945151688,316.008402373908325
2869,-9820.469483871924240,848.362636398954010,-10135.082168986478791,314.612685114555575
2869,-9816.757289139190107,852.910434636826380,-10133.056511300050261,316.299222160846625
2869,-9813.045003170740529,854.345729539774425,-10129.876500049957031,316.831496879196550
2869,-9809.332815922960435,857.139022125789666,-10127.200196801630227,317.867380878670360
2869,-9805.620560589717570,845.117654968060265,-10119.029854280242944,313.409293690513493
2869,-9801.908340386969940,845.830654113010951,-10115.582047626419808,313.673707239453165
2869,-9798.196108326859758,836.619363587371481,-10108.453836689701347,310.257728362844830
2869,-9794.483908813439484,850.081682460470574,-10109.734096894364484,315.250188080911016
2869,-9790.771706844176151,863.335256474119660,-10110.936942251422806,320.165235407250520
2869,-9787.059525377686441,869.466591140800006,-10109.498547465385855,322.439022087682929
2869,-9783.347270780903273,868.170429326166186,-10105.305615229859541,321.958344448959110
2869,-9779.635009106226789,864.636550274969863,-10100.282825333597430,320.647816227341423
2869,-9775.922881231326755,888.506126357264748,-10105.422656634611485,329.499775403281490
2869,-9772.210581988785634,865.476283605795743,-10093.169810749699536,320.959228760916233
2869,-9768.498383176080097,872.154063681181469,-10091.934046223446785,323.435663047366745
2869,-9764.786128667996309,872.993255964119840,-10088.533003602984536,323.746874934989251
2869,-9761.073956823825938,880.868545187086170,-10087.741358644581851,326.667401820766202
2869,-9757.361693261629625,872.558639257191544,-10080.947391922130919,323.585698660487083
2869,-9753.649496167647158,873.890100028067536,-10077.728962976685580,324.079466809008466
2869,-9749.937231489755504,867.358380823806328,-10071.594430238963469,321.657198749220640
2869,-9746.225025380301304,877.155710220352148,-10071.515533726334979,325.290508346025661
2869,-9742.512811725822758,873.426772720450117,-10066.420455022000169,323.907643296182187
2869,-9738.800534791258542,868.960149069131489,-10061.051744387943472,322.251209596671401
2869,-9735.088333655206952,866.323150578608875,-10056.361620438978207,321.273286783771653
2869,-9731.376136343784310,874.286978122000392,-10055.602784178237926,324.226647834478229
2869,-9727.663913621227039,879.354481583070083,-10053.769829592121823,326.105915970899275
2869,-9723.951607869143118,862.599454636669179,-10043.843973418806854,319.892365549644126
2869,-9720.239462051733426,875.275583183200752,-10044.832731044996763,324.593268993258562
2869,-9716.527316245206748,881.504730677622774,-10043.430645506439760,326.903329261250121
2869,-9712.815039572824389,873.137427432413915,-10036.615380055240166,323.800340482399008
2869,-9709.102810015430805,859.254463138467713,-10027.754695713922047,318.651885698477940
2869,-9705.390616227321516,882.798044601838114,-10032.773566995865622,327.382950768535238
2869,-9701.678273460678611,873.228332882462382,-10025.512325950805462,323.834052490099396
2869,-9697.966108802345843,874.002559485539109,-10022.087280856694633,324.121172054340548
2869,-9694.253841049459879,873.685716305849837,-10018.257512781123296,324.003671731665975
2869,-9690.541676956359879,889.038895464041389,-10020.239028150970626,329.697351194622115
2869,-9686.829448670974671,874.908430477167030,-10011.286560207818184,324.457111536839818
2869,-9683.117288792664112,889.568330514223248,-10013.010979353941366,329.893690561284359
2869,-9679.404932948511487,869.201929698818731,-10001.745806151078796,322.340873202599539
2869,-9675.692800964563503,884.525956802475662,-10003.716542679998383,328.023741715425672
2869,-9671.980519910457588,887.422852805220600,-10001.078566635113020,329.098046724648725
2869,-9668.268277652643519,878.928746155101521,-9994.216310944124416,325.948033291494880
2869,-9664.556040721245154,881.555104110980096,-9991.478050815943789,326.922010094713983
2869,-9660.843884507421535,884.066877467306426,-9988.697378057599053,327.853493550170469
2869,-9657.131708045875712,899.664141915138202,-9990.769399341013923,333.637691295138382
2869,-9653.419379790126186,890.267166848336160,-9983.572231665333675,330.152851875205442
2869,-9649.707208260617335,895.084308262401009,-9981.646482273990841,331.939274013371175
2869,-9645.994940733042313,892.934101886602093,-9977.136817298163805,331.141876565138489
2869,-9642.282842938906469,910.805503822411424,-9980.052274170582677,337.769431231681551
2869,-9638.570590485223875,908.787279982863879,-9975.591569587966660,337.020979102745287
2869,-9634.858411392408016,919.796101660406862,-9975.961978293504217,341.103566901073464
2869,-9631.146203271739068,915.911351349987513,-9970.809122419450432,339.662919147715229
2869,-9627.433908689405143,917.814234196334155,-9967.802506112015180,340.368597422620383
2869,-9623.721699831377919,930.670401210063119,-9968.857967411720892,345.136267580323704
2869,-9620.009407568610186,920.179589663143361,-9961.255189820862142,341.245782252236836
2869,-9616.297314604787971,942.383931472920722,-9965.777509003701198,349.480194398943297
2869,-9612.584941357768912,928.137136818917725,-9956.781755598191012,344.196814240433469
2869,-9608.872843354947690,944.416633606823893,-9959.106859113946484,350.234015758993962
2869,-9605.160548191610360,941.223911190636613,-9954.210552622102114,349.050004430481863
2869,-9601.448321064955962,943.978375131176563,-9951.519810010655419,350.071488945715487
2869,-9597.736192359663619,959.622675214158335,-9953.609322071552015,355.873129711905392
2869,-9594.023918064323880,940.485710512689138,-9942.800163034553407,348.776244970225093
2869,-9590.311809067554350,966.480573613513798,-9948.728169394647921,358.416360327084590
2869,-9586.599493792964495,953.694224958871018,-9940.274075886973151,353.674582093990239
2869,-9582.887369412348562,974.679899192458038,-9944.344424515280480,361.457055102929871
2869,-9579.175176219796413,977.955681997101692,-9941.847045341866760,362.671869122080125
2869,-9575.462945875246078,964.362045048964774,-9933.093656373377598,357.630710498122824
2869,-9571.750704548529029,978.762238489098763,-9934.721682675119155,362.970978126598425
2869,-9568.038507946708705,977.905509708130580,-9930.691770829087545,362.653262882396973
2869,-9564.326127982878461,975.061092800445408,-9925.924547567708942,361.598419584829060
2869,-9560.613981003649315,1000.629319605842852,-9931.694299181986935,371.080318178347454
3871,-13798.265379539217975,519.186410615854925,-14058.048324562299968,259.782945023096829
3871,-13793.256571276790055,510.708192727209564,-14048.797308941200754,255.540737664380515
3871,-13788.247866882615199,516.752401219383046,-14046.812917684461354,258.565050801868665
3871,-13783.239234578091782,529.897316896727034,-14048.381547105065692,265.142312526977889
3871,-13778.230395289308944,517.103750951813481,-14036.971249360225556,258.740854070901435
3871,-13773.221829848444031,541.818592089383174,-14044.329136671598462,271.107306823160116
3871,-13768.212979508836725,529.489121166500581,-14033.151044993199321,264.938065484343952
3871,-13763.204361838921614,543.438458439489409,-14035.122193826795410,271.917831987859870
3871,-13758.195631095732097,545.554371030338075,-14031.172192651643854,272.976561555936030
3871,-13753.186879634187790,544.946868571471668,-14025.859467945354481,272.672588311170557
3871,-13748.178268596699127,559.429163820669714,-14028.097297172118488,279.919028575406116
3871,-13743.169448705504692,550.819713895607720,-14018.780605944466515,275.611157238964552
3871,-13738.160870307547157,568.151358205104202,-14022.444183652216452,284.283313344655994
3871,-13733.152063878158515,565.873440589524648,-14016.295585936704811,283.143522058529925
3871,-13728.143369970965068,572.247462989815631,-14014.476232653471016,286.332862682500547
3871,-13723.134687157767985,574.901329172499459,-14010.795452802549335,287.660765644785215
3871,-13718.125923393885387,575.960632660812621,-14006.316727911498674,288.190804517607148
3871,-13713.117303727551189,590.461955495270786,-14008.564069255782670,295.446765528214826
3871,-13708.108497440756764,582.716771511920001,-13999.679840454416990,291.571343013681769
3871,-13703.099877838078100,599.075550860743419,-14002.856588937949709,299.756711099836423
3871,-13698.091100601166545,596.516505254192566,-13996.567353679525695,298.476253078352499
3871,-13693.082407560845240,600.424151562639850,-13993.513911865655245,300.431504304811256
3871,-13688.073699235577806,607.351800539297187,-13991.971559778599840,303.897860543041077
3871,-13683.064997529732864,609.460227593822310,-13988.017842137054686,304.952844607321424
3871,-13678.056311293759791,621.300766377043146,-13988.933752486962476,310.877441193192965
3871,-13673.047550149101880,614.502326364290752,-13980.523286806195756,307.475736657088476
3871,-13668.038898682905710,628.952034544217781,-13982.744770160483313,314.705871477553842
3871,-13663.030117619866360,621.556803321407187,-13974.035670855420904,311.005553235575576
3871,-13658.021481808629687,635.006940537342643,-13975.757019083652267,317.735537274980288
3871,-13653.012713754922515,634.532752763438452,-13970.510983848253090,317.498270093328301
3871,-13648.004006263017800,638.839957052696946,-13967.657452594001370,319.653446330996758
3871,-13642.995306608861938,644.176851893937965,-13965.319150759987679,322.323844151101298
3871,-13637.986567935728090,647.106719622569926,-13961.776416688466270,323.789848752741136
3871,-13632.977905782117887,651.656158726286662,-13959.044136705901110,326.066230923770775
3871,-13627.969185023928731,654.990745435189183,-13955.703927946409749,327.734742922469877
3871,-13622.960478545564911,659.884602446091321,-13953.143938462184451,330.183459916634661
3871,-13617.951747061988499,662.426508218080471,-13949.407088818963530,331.455341756983501
3871,-13612.943049812960453,666.591162980276295,-13946.482240948531398,333.539191135559918
3871,-13607.934304314352630,664.735875615662849,-13940.545173741957115,332.610869427617956
3871,-13602.925628049943043,677.971736772262147,-13942.159265178863279,339.233637128913131
3871,-13597.916897824856278,679.844306959165124,-13938.087504388980960,340.170606564108823
3871,-13592.908191805348906,683.233453265519756,-13934.774610106018372,341.866418300657472
3871,-13587.899501747951945,688.375332333822030,-13932.338738712565828,344.439236964635256
3871,-13582.890816532104509,694.875686177647822,-13930.582606011043026,347.691789478940166
3871,-13577.882061363514367,698.437018374625268,-13927.355818450670995,349.473757087142701
3871,-13572.873318069965535,698.102181136315608,-13922.179534169739782,349.306216099757421
3871,-13567.864654579690978,703.475125572667707,-13919.859306471629679,351.994651891953254
3871,-13562.855898200456068,702.860540542359558,-13914.543032973557274,351.687134773099501
3871,-13557.847253148909658,714.802159922844112,-13915.509561747008775,357.662308598098321
3871,-13552.838486074713728,710.048807499901159,-13908.122381320852583,355.283895246138741
3871,-13547.829781496107898,719.110672185703152,-13907.647920796658582,359.818139300574160
3871,-13542.821099944048910,722.350569046515147,-13904.260371714301073,361.439271770266828
3871,-13537.812337203096831,725.311890071011476,-13900.733351717715777,362.921014514630656
3871,-13532.803692670302553,732.015325766923979,-13899.078874842743971,366.275182172432039
3871,-13527.794944567931452,734.330037143089839,-13895.228328353245161,367.433383785346223
3871,-13522.786238979659174,741.794312542803141,-13893.954488328014122,371.168249348373877
3871,-13517.777560271259063,745.963589308459859,-13891.031971689060811,373.254411417820222
3871,-13512.768806680389389,747.289011250245608,-13886.686413452323904,373.917606771925875
3871,-13507.760115726721779,750.264455218431863,-13883.166531876189765,375.406416149447182
3871,-13502.751391239475197,753.476074837950591,-13879.764790903886023,377.013399664410201
3871,-13497.742731332860785,764.015409239762675,-13880.029649859650817,382.286918526813565
3871,-13492.733921848006503,752.382399530319617,-13869.200084168551257,376.466162320547937
3871,-13487.725334782782738,772.338632456468986,-13874.176906688622694,386.451571905848425
3871,-13482.716547894717223,767.457817560223475,-13866.725928630039562,384.009380735329898
3871,-13477.707840934495835,771.844666181437333,-13863.912249179957143,386.204408245464549
3871,-13472.699153409723294,776.094713601753824,-13861.030138570082272,388.330985160349996
3871,-13467.690400678457081,777.979539233094329,-13856.964487475066562,389.274086796587881
3871,-13462.681725398171693,787.220303217221726,-13856.579571278156436,393.897845879981730
3871,-13457.672982717984269,786.615304757790000,-13851.268108268035576,393.595125550035448
3871,-13452.664344983644696,792.566259749873893,-13849.237122841072051,396.572777857439632
3871,-13447.655571619872717,793.119715239423499,-13844.505279485647407,396.849707865765083
3871,-13442.646808254747157,788.793531271460893,-13837.331843107234818,394.685034852510228
3871,-13437.638157027316993,796.526178724384067,-13836.192341547584874,398.554184520281467
3871,-13432.629396145888677,799.878079999453348,-13832.860756275635140,400.231360129771133
3871,-13427.620719959313647,803.817812944900083,-13829.823386360290897,402.202666400979467
3871,-13422.611958393634268,801.996671324496674,-13823.903388437534886,401.291430043904086
3871,-13417.603276488449410,810.648487370999987,-13823.223776412447478,405.620499924012393
3871,-13412.594541191479948,804.032999352566890,-13814.904879437419368,402.310338245946298
3871,-13407.585841699039520,813.207976153432924,-13814.487021394446856,406.901179695398582
3871,-13402.577086490129659,809.906383639905471,-13807.826263342423772,405.249176852310711
3871,-13397.568439185482930,820.564982706080741,-13808.150810818351601,410.582371632864863
3871,-13392.559715209361457,820.614802124359358,-13803.167014758151709,410.607299548802246
3871,-13387.550942819272677,818.810668611990991,-13797.255516280753000,409.704573461458097
3871,-13382.542318702388002,832.959326524529843,-13799.326391830047214,416.784073127644092
3871,-13377.533530605283886,825.841141092799717,-13790.755909634499403,413.222379029214380
3871,-13372.524821727916787,838.349405296646751,-13792.005904077497689,419.481082349564701
3871,-13367.516083662918390,834.159797945455693,-13784.900831220300461,417.384747557419644
3871,-13362.507402761968478,841.480454013735198,-13783.555153730165330,421.047750968205321
3871,-13357.498703222012409,839.730431372444400,-13777.670803313518263,420.172100091532627
3871,-13352.490024577376971,857.193982682215392,-13781.400282480901296,428.910257903547404
3871,-13347.481278399489383,849.374885654564650,-13772.479130254378106,424.997851854907765
3871,-13342.472489607276657,845.173931477070710,-13765.368329110115155,422.895839502848048
3871,-13337.463776782989953,847.635875048574462,-13761.591487803274504,424.127711020300069
3871,-13332.455120045420699,856.515986941895221,-13761.026132301272810,428.571012255872574
3871,-13327.446352149818267,849.304946869930859,-13752.409209052852020,424.962856903053307
3871,-13322.437649625466292,850.856993668070686,-13748.177097132191193,425.739447506717738
3871,-13317.428850207650612,843.612957292989677,-13739.543632151302518,422.114781943648097
3871,-13312.420248331794937,853.786775081280553,-13739.625657250917357,427.205408919102638
3871,-13307.411452236055993,852.498548146655367,-13733.972276897769916,426.560824661709489
3871,-13302.402880228955837,871.168862047049174,-13738.305685016437565,435.902804787493324
3871,-13297.394072197621426,862.497264600223161,-13728.957909175625900,431.563836977993958
3871,-13292.385310985864635,855.429112242506903,-13720.412488687323275,428.027177701451649
3871,-13287.376625955163036,864.510879148054528,-13719.948006094315133,432.571380139142661
3871,-13282.367862305070958,865.444760451253501,-13715.406524388212347,433.038662083135421
3871,-13277.359192058454937,861.223470686875203,-13708.285666564303028,430.926474505873500
3871,-13272.350435452153761,856.894682583871486,-13701.110933925565405,428.760498473401015
3871,-13267.341751528965688,859.776492828222899,-13697.544208298972080,430.202456770012873
3871,-13262.333018397246633,867.367468189738133,-13696.333737014410872,434.000718617183168
3871,-13257.324280999253460,861.063419053197435,-13688.170671196479816,430.846390197226469
3871,-13252.315537088104975,861.284368977159943,-13683.272482994751044,430.956945906652265
3871,-13247.306875964337451,868.722147978330213,-13681.985429551521520,434.678553587145132
3871,-13242.298097763899932,866.177892213730843,-13675.703593655580335,433.405495891671535
3871,-13237.289404082601322,864.456672282706450,-13669.833660978836633,432.544256896252364
3871,-13232.280698193719218,872.468967268070173,-13668.834030722811804,436.553332529072748
3871,-13227.272024193300240,869.504139817509213,-13662.341859483538428,435.069835290232845
3871,-13222.263270166738948,873.239940947037326,-13659.202371292158205,436.939101125403567
3871,-13217.254555104695100,876.415612350164679,-13655.782652499407050,438.528097394684664
3871,-13212.245779967008275,868.113936706838103,-13646.620005644035700,434.374225677025663
3871,-13207.237139145114270,878.539496382058019,-13646.827954741595022,439.590815596493144
3871,-13202.228380142627429,874.766058101699628,-13639.931097573815350,437.702717431189342
3871,-13197.219639937940883,874.497195821744072,-13634.787827971833394,437.568188033915533
3871,-13192.210950600434444,879.095074668015855,-13632.079758379239138,439.868807778810776
3871,-13187.202225234495927,876.585288132596474,-13625.815222529383391,438.612997294909633
3871,-13182.193445680200966,871.077885832859693,-13618.050729112814224,435.857283432608256
3871,-13177.184767486143755,879.770185293792906,-13617.391377300953536,440.206609814831609
3871,-13172.176101894539897,891.106874524736781,-13618.055199384310981,445.879097489794219
3871,-13167.167340447895185,884.513953886977674,-13609.747568197364672,442.580227749445669
3871,-13162.158621312753894,888.318306017769487,-13606.642415450383851,444.483794137614154
3871,-13157.149872878098904,879.929345079317727,-13597.436120751579438,440.286247873470586
3871,-13152.141128011553519,874.623421960712903,-13589.772475245061287,437.631347233481677
3871,-13147.132425539641190,877.334789352653047,-13586.120447354198404,438.988021814549143
3871,-13142.123714868619572,873.855492129859158,-13579.370816542212197,437.247101673599786
3871,-13137.114989417563265,879.001433026213704,-13576.936942153599375,439.821952736023547
3871,-13132.106205218316973,868.005729588309123,-13566.426287791167852,434.320082572835872
3871,-13127.097607889814753,879.934428981747146,-13567.386399572415030,440.288791682627505
3871,-13122.088772299775883,869.342754701655394,-13557.077856052956122,434.989083753168302
3871,-13117.080148154223934,880.860592189022668,-13557.832359912274114,440.752211758035628
3871,-13112.071392679630662,876.015298923747878,-13550.399187064183934,438.327794384590788
3871,-13107.062673557536982,879.774832916799824,-13547.271608882369037,440.208935324837455
3871,-13102.053963869515428,880.625753777532964,-13542.688670598732642,440.634706729217271
3871,-13097.045195424812846,879.309941376622419,-13537.021515082236874,439.976319657411182
3871,-13092.036509360104901,878.891548856542954,-13531.803479853428144,439.766970493374345
3871,-13087.027771591534474,887.679686558362732,-13531.192022612216533,444.164251020688425
3871,-13082.019093338956736,885.588620921733650,-13525.137047349151544,443.117954010187020
3871,-13077.010415214876048,894.754330409467116,-13524.714573631164967,447.704158416279881
3871,-13072.001573813322466,884.840290910682597,-13514.745089336389356,442.743515523075700
3871,-13066.992952829790738,886.633287365456795,-13510.633621841301647,443.640669011520174
3871,-13061.984341142515404,901.397769404880819,-13513.012646940165723,451.028305797685277
3871,-13056.975536348312744,891.600056694452292,-13503.101405159284695,446.125868810965301
3871,-13051.966735932372103,892.475048734956545,-13498.530420534536461,446.563684602184708
3871,-13046.958064233176628,896.600903821829547,-13495.586184196716204,448.628119963529741
3871,-13041.949276759678469,891.909969219124150,-13488.230215092335129,446.280938332648873
3871,-13036.940598467319433,901.421731299568137,-13487.980893969381214,451.040295502043421
3871,-13031.931898227036072,896.111021970130764,-13480.314898234511929,448.383000007489898
3871,-13026.923191435944318,902.843745538230905,-13478.675013740765280,451.751822304808172
3871,-13021.914560480328873,912.621411142518127,-13478.558788892456505,456.644228412125699
3871,-13016.905845899129417,911.976507006742850,-13473.227386559363367,456.321540660242420
3871,-13011.897063107144277,923.317294022469468,-13473.893141832313631,461.996078725155826
3871,-13006.888394637322563,923.500934670703828,-13468.976360799142640,462.087966161823488
3871,-13001.879685123894888,922.932125754261733,-13463.683038952944116,461.803353829050877
3871,-12996.870979811295911,927.276134628283558,-13460.847925620864771,463.976945809553229
3871,-12991.862281328365498,934.520829814682088,-13459.464222347432951,467.601941019048013
3871,-12986.853634482647976,926.360122342799400,-13450.372239387419540,463.518604904755193
3871,-12981.844806012826666,935.035703229908790,-13449.704371903004358,467.859565890166721
3871,-12976.836099529235071,936.858859404632881,-13445.607909789892801,468.771810260632662
3871,-12971.827357516111078,940.982630518020073,-13442.662560389759165,470.835202873636490
3871,-12966.818742577210287,951.590898633099641,-13442.961956362125420,476.143213784904162
3871,-12961.810003371536368,944.660134918753783,-13434.485302411078010,472.675299039530444
3871,-12956.801240794127807,941.948854801043240,-13428.119908921609749,471.318668127473302
3871,-12951.792564493847749,965.465986015055364,-13434.878392701717530,483.085828207846191
3871,-12946.783819196782133,965.176944617118352,-13429.725021073762036,482.941201877004346
3871,-12941.775140110130451,970.282358616777742,-13427.270914790417009,485.495774680288037
3871,-12936.766333692547050,958.954932863862723,-13416.594255822299601,479.827922129733224
3871,-12931.757697307646595,976.252396824810717,-13420.240672877389443,488.482975569740972
3871,-12926.748979370082452,977.027160934210769,-13415.619620136601952,488.870640766524161
3871,-12921.740271413873415,980.914337056255818,-13412.555920832692209,490.815649418831242
3871,-12916.731509385574100,984.945763254755207,-13409.564345211971158,492.832835826401038
3871,-12911.723044273432606,987.451432782206552,-13405.809630575187839,494.086586301734258
3871,-12906.714225469213488,993.598479805538773,-13403.876581756943779,497.162356287743251
3871,-12901.705465933519008,991.166331412110253,-13397.650859181663691,495.945393248152641
3871,-12896.696707984834575,1001.680286513817578,-13397.902921170320042,501.206213185488480
